quality_area,garagecars,area_per_room,renovation_age,house_age,target
11970,2,190.0,5,5,12.24769911637256
7572,2,180.28571428571428,31,31,12.109016442313738
12502,2,255.1428571428572,6,7,12.317171167298682
12019,3,214.625,36,91,11.849404844423074
17584,3,219.8,8,8,12.429220196836383
6810,2,227.0,14,16,11.870606902224587
13552,2,211.75,2,3,12.634606283893019
14630,2,261.25,36,36,12.206077645517674
12418,2,197.11111111111111,58,77,11.774527900858468
5385,1,179.5,58,69,11.678448377988165
5200,1,173.33333333333334,43,43,11.771443882099637
20916,3,193.66666666666663,0,1,12.75130259456002
4560,1,182.4,46,46,11.87757552297847
10458,3,186.75,0,1,12.540761149388421
7518,1,208.8333333333333,48,48,11.964007453736912
5978,2,142.33333333333334,6,78,11.790564777297387
6024,2,167.33333333333334,40,40,11.91170829631447
5184,2,185.1428571428572,39,39,11.407576060361786
5570,2,159.14285714285714,4,4,11.976665770490767
6695,1,191.28571428571428,44,51,11.842236406331555
19008,3,237.6,0,1,12.692506186542177
7756,1,158.28571428571428,57,77,11.845109950883979
14360,2,224.375,6,6,12.345838935721968
5300,2,151.42857142857142,31,31,11.774527900858468
5300,1,151.42857142857142,9,42,11.944714374881176
12800,3,200.0,2,2,12.454107814022272
4500,2,150.0,10,59,11.811554895830454
13632,3,213.0,2,3,12.631343648903034
8000,1,228.57142857142856,9,49,12.242891437918386
2080,1,104.0,58,81,11.134603622683905
5268,1,188.1428571428572,58,88,10.596659732783579
6140,1,175.42857142857142,2,42,11.914054519303125
9872,2,154.25,1,1,12.100161978566867
8500,2,242.8571428571429,51,51,12.016732516077072
14049,2,223.0,2,2,12.533579815765737
19616,3,245.2,1,2,12.6410997921206
5485,2,156.71428571428572,14,15,11.884495917930655
6485,2,216.16666666666663,19,55,11.938199736300925
5285,1,176.16666666666666,3,57,11.599112335481124
4608,0,164.57142857142858,53,53,11.314486721293981
7944,2,189.1428571428572,41,41,11.982935344196433
6640,1,221.3333333333333,48,48,12.04355959836804
4420,2,147.33333333333334,24,24,11.87757552297847
4690,1,156.33333333333334,28,33,11.777218637129327
5750,1,164.28571428571428,47,47,11.856522261533737
15768,2,250.28571428571428,5,5,12.675766851909591
15043,2,307.0,6,6,12.387089184491993
13248,3,207.0,1,1,12.428019481065613
5808,0,161.33333333333334,1,89,11.635151947212842
4775,1,136.42857142857142,41,41,11.751950239425476
8820,2,210.0,10,10,12.083910661257521
7056,2,168.0,56,72,11.648338835562747
4080,2,136.0,47,47,11.608244735642321
16578,3,307.0,19,25,12.861001210669146
6800,2,194.28571428571428,52,52,11.775297421715827
8550,2,178.125,44,44,12.103491596905931
13912,2,217.375,9,10,12.058158312538197
12040,2,215.0,2,2,12.188422799337028
29450,3,267.72727272727275,0,0,12.991755706536901
3900,1,156.0,36,36,11.735276702486741
6948,2,193.0,2,2,11.970356641102999
5555,1,158.71428571428572,11,87,11.522885696764481
10960,2,195.7142857142857,1,1,12.218500103788143
11970,2,171.0,60,89,11.849404844423074
14238,2,226.0,11,12,12.299112067295642
19784,3,247.3,2,3,12.666660207428574
15449,2,275.875,21,40,12.100717685412471
10353,2,184.875,4,4,12.328294703023394
2988,1,149.4,60,65,11.289794413577894
16009,2,285.875,53,53,12.323860125621126
15561,2,247.0,34,34,12.404927602627597
3380,2,169.0,1,25,11.771443882099637
12026,2,214.75,11,11,12.128116509451258
5430,2,155.14285714285714,7,56,11.88380602959621
4815,1,178.33333333333334,60,95,11.58432477200052
3952,1,164.66666666666666,36,36,11.418625774449598
3808,1,190.4,52,52,11.818577604251555
6425,1,183.57142857142856,7,60,11.751950239425476
7072,0,196.44444444444449,42,42,11.824087219587643
6150,2,205.0,28,99,11.608244735642321
12852,1,238.0,41,41,12.173037959397275
8022,2,222.8333333333333,8,8,11.941462360646149
12504,3,223.28571428571428,1,1,12.409017571151187
5325,2,152.14285714285714,47,47,11.748005492256807
10318,2,184.25,13,14,12.034696963475044
19336,2,241.7,14,15,12.468440756144114
9360,2,222.8571428571429,4,4,12.066816325306588
7344,2,244.8,0,0,12.010671928196443
4578,0,218.0,27,94,11.350418300109132
3960,0,165.0,12,13,11.724813914587886
4160,2,208.0,56,56,11.60733523953139
6175,2,176.42857142857142,45,45,11.498836682527127
4820,2,160.66666666666666,3,88,12.004574385508691
13746,2,229.1,9,97,11.804855999911272
10716,2,223.25,10,10,12.229549885708273
8820,2,210.0,16,16,12.128116509451258
11116,2,226.8571428571429,7,7,12.273735966890268
3840,1,137.14285714285714,42,42,11.459007676978688
4175,1,139.16666666666666,60,90,11.326607934898927
4900,0,175.0,51,51,11.767187766223199
9660,2,230.0,9,33,12.230770136157428
10392,2,216.5,25,25,12.08954444723597
7675,2,170.55555555555554,30,30,11.68658461118553
8582,3,175.14285714285714,1,1,12.200562492481511
12726,1,227.25,57,76,12.040614105490253
15936,2,199.2,4,5,12.429220196836383
4188,1,149.57142857142858,12,122,11.51293546492023
3945,1,131.5,58,60,11.652696102959753
7585,0,189.625,2,88,11.652696102959753
11064,2,230.5,33,33,12.154784614286667
11130,1,231.875,34,52,11.827013315851762
10010,2,178.75,10,10,12.100717685412471
18872,3,245.0909090909091,0,0,12.85832230788469
13554,2,282.375,54,54,12.28765724080691
13920,1,232.0,5,62,12.466515835145202
8748,2,243.0,8,8,12.07824495582233
5460,1,156.0,47,47,11.842236406331555
5625,2,187.5,0,1,11.951186847493476
22554,3,268.5,20,20,12.676079399771027
8736,2,161.77777777777777,0,1,12.0075668272517
5928,2,197.6,37,37,12.100717685412471
4492,1,224.6,57,68,11.51293546492023
6480,1,180.0,50,50,11.820417517632333
7194,2,199.8333333333333,15,15,11.944064817531656
9516,2,198.25,11,30,12.10625783509458
4524,0,125.66666666666669,24,71,11.344518647594766
5748,2,159.66666666666666,31,31,11.759793355371237
4200,0,140.0,57,77,11.373674891823535
8088,2,192.57142857142856,40,40,11.951186847493476
5265,2,150.42857142857142,15,48,11.918397239722838
15099,2,239.66666666666663,40,40,12.328294703023394
12324,2,256.75,9,9,12.404927602627597
6635,2,165.875,5,48,11.923384748066601
10368,2,185.1428571428572,7,8,12.301387370778713
8605,2,215.125,13,38,12.100717685412471
11774,2,210.25,38,38,12.066816325306588
6070,1,202.3333333333333,40,40,11.870606902224587
13713,3,195.9,17,18,12.049424683420915
14816,3,231.5,8,9,12.345838935721968
10584,2,220.5,12,12,12.352339472153524
3456,0,144.0,39,39,11.652696102959753
12138,2,216.75,1,1,12.468440756144114
6925,2,197.8571428571429,58,58,12.019749091416921
10507,2,214.42857142857144,10,10,12.225880174775122
8640,2,157.0909090909091,43,43,11.736077016252437
10254,2,213.625,0,2,11.775297421715827
4375,1,145.83333333333334,16,78,11.561725152903833
14245,2,226.11111111111111,9,9,12.312686874960354
7560,0,154.28571428571428,3,4,11.856522261533737
6720,1,168.0,56,70,11.652696102959753
4845,2,161.5,32,32,11.711784520403112
13680,3,244.28571428571428,0,1,12.827731880206521
11958,2,221.44444444444449,35,35,12.154784614286667
7512,2,250.4,33,48,12.367345048436391
7200,1,150.0,56,83,11.736077016252437
6576,0,182.66666666666663,58,84,11.277215789596893
5200,2,173.33333333333334,56,56,11.603688960617083
15744,3,218.66666666666663,0,1,12.504327379899443
13629,2,216.3333333333333,5,6,12.448630513463613
17234,2,246.2,0,1,12.676079399771027
7392,2,176.0,24,24,11.998439434579149
24012,3,242.54545454545453,4,5,12.929993908996359
10787,2,192.625,5,5,12.301387370778713
3528,0,176.4,51,51,11.544433821905134
9696,1,269.3333333333333,3,81,11.931642378754141
6775,0,193.57142857142856,9,68,11.755879486687116
9335,1,233.375,16,54,12.154784614286667
17288,3,240.11111111111111,0,0,12.693501691489768
12040,2,215.0,3,3,12.119975396053194
13656,2,243.8571428571429,25,25,12.337105293891872
6910,2,172.75,57,66,11.763691965388299
9936,2,207.0,50,50,12.278397958261774
12369,2,294.5,19,19,12.384223015005313
8172,2,194.57142857142856,47,47,12.001511614739405
9906,2,206.375,22,22,12.122696471358964
12948,2,269.75,6,57,12.400820837540556
12360,2,228.88888888888889,18,19,12.259618151783465
9600,2,213.3333333333333,48,48,12.058158312538197
20106,3,223.4,0,1,13.126032637428713
4840,2,161.33333333333334,1,84,11.51293546492023
9150,2,254.16666666666663,7,7,12.083910661257521
12614,1,180.2,56,86,12.206577518060588
6700,1,167.5,1,50,11.695255355062795
14574,2,297.42857142857144,5,5,12.206077645517674
6260,2,208.66666666666663,15,98,11.751950239425476
36080,3,277.53846153846155,13,114,13.07107218827772
8519,2,173.85714285714286,18,19,12.06105265381003
8280,1,184.0,22,93,11.813037464800539
6120,2,174.85714285714286,30,30,11.940399914116648
12744,2,265.5,6,7,12.563750586299374
21816,2,247.9090909090909,13,75,12.660331092405906
10353,2,184.875,3,35,12.122696471358964
10017,2,204.42857142857144,10,10,12.165255859329688
11963,2,213.625,2,2,11.775297421715827
4320,1,144.0,36,36,11.751950239425476
8736,2,182.0,33,33,11.908346971208951
12082,3,191.77777777777777,0,0,12.650351332641707
24896,2,345.77777777777777,16,88,12.367345048436391
13374,0,247.66666666666663,59,97,11.552155793461898
13704,3,214.125,4,5,12.524166311833152
4484,2,186.8333333333333,6,7,11.849404844423074
7674,2,182.7142857142857,31,31,12.052344376474922
7860,1,187.1428571428572,56,82,11.626263078808801
5088,2,212.0,4,4,11.91170829631447
6420,1,214.0,59,62,11.608244735642321
10094,2,240.3333333333333,19,19,12.103491596905931
8480,1,188.44444444444449,45,45,11.87688084212164
4400,1,157.14285714285714,48,48,11.856522261533737
14434,2,257.75,18,19,12.531776395271262
6552,2,156.0,44,44,11.884495917930655
4320,0,144.0,58,83,11.49273296168228
7272,2,173.14285714285714,1,1,12.133507329024972
12964,2,231.5,0,0,12.439875187430008
4950,2,165.0,11,11,11.957617696467539
8352,1,198.8571428571429,33,33,11.993813394724253
6180,1,176.57142857142858,10,49,11.808955099378537
10052,2,159.55555555555554,4,4,12.25486757159303
5312,1,147.55555555555554,56,81,11.580593459194764
13678,2,217.11111111111111,2,69,12.649157827477366
8736,2,208.0,0,1,12.027191164883384
10486,2,249.66666666666663,0,0,12.230282214644559
13602,2,251.88888888888889,7,7,12.206077645517674
9312,2,221.7142857142857,31,31,12.100161978566867
3456,2,172.8,38,38,11.48247656671073
23920,3,265.77777777777777,6,6,12.864242696187505
6510,1,186.0,38,38,11.626263078808801
17640,3,252.0,12,12,12.577639650232573
5922,1,164.5,38,38,11.571203807011969
4560,1,152.0,43,43,11.736077016252437
10885,2,194.375,3,4,12.167856627501678
7164,1,170.57142857142858,51,51,11.904974309480183
22352,3,279.4,13,14,12.90669432231532
5922,1,164.5,34,34,11.456365695436427
4470,1,149.0,34,34,11.761354623750297
11760,2,217.77777777777777,8,8,12.285350445351659
5922,1,164.5,37,37,11.402005077384885
9898,2,202.0,6,6,12.130815551850676
12208,2,218.0,7,17,12.178192583415596
13552,3,211.75,0,0,12.669809806411457
8922,1,185.875,60,65,11.635151947212842
12528,2,195.75,2,2,12.47801017053037
4330,0,173.2,10,62,11.612779849672751
7200,1,205.7142857142857,56,106,11.277215789596893
7302,1,173.85714285714286,29,29,11.695255355062795
14770,2,234.44444444444449,8,16,12.230770136157428
13104,2,267.42857142857144,18,18,12.394628892852941
11568,1,192.8,56,96,11.827743504053695
8250,2,229.16666666666663,52,52,11.849404844423074
11676,2,185.3333333333333,4,4,12.100717685412471
12864,2,268.0,1,49,12.531776395271262
3918,0,186.57142857142856,44,70,11.245059091624615
13000,2,270.8333333333333,0,1,12.367345048436391
9840,2,234.28571428571428,4,4,12.06105265381003
7812,1,162.75,16,43,11.970356641102999
6570,1,219.0,53,53,11.884495917930655
16037,2,254.5555555555556,7,7,12.345838935721968
10368,2,216.0,5,5,12.242891437918386
11228,2,178.22222222222223,3,3,12.301387370778713
12544,2,224.0,7,7,12.352339472153524
4410,1,176.4,52,52,11.48247656671073
8292,2,197.42857142857144,47,47,12.07824495582233
20592,3,234.0,0,0,12.52815976788113
7272,2,173.14285714285714,11,29,11.92504173829169
6580,2,188.0,9,81,11.775297421715827
3820,2,152.8,4,83,11.19822841866684
8532,2,177.75,27,27,12.075400019877522
9066,2,167.88888888888889,9,9,12.128116509451258
10960,1,243.5555555555556,11,69,12.097936057925594
3890,1,155.6,53,68,11.699413330633599
6678,1,159.0,31,31,11.904974309480183
15512,3,215.44444444444449,0,0,12.491255347155265
9541,2,227.16666666666663,3,54,12.394628892852941
18160,3,227.0,3,11,12.577639650232573
9792,1,233.1428571428572,21,51,11.842236406331555
4080,1,136.0,25,25,11.732069026983156
10836,2,258.0,2,84,12.230770136157428
10920,2,195.0,7,7,12.211065162153215
3456,2,172.8,59,59,11.856522261533737
19089,3,235.66666666666663,0,1,12.936754021718041
14154,2,224.66666666666663,31,31,12.165255859329688
13874,2,247.75,18,18,12.339295865674435
7572,2,210.3333333333333,0,0,12.128116509451258
9198,2,187.7142857142857,1,2,12.242891437918386
11744,3,209.7142857142857,0,1,12.407383590534293
9450,2,262.5,15,15,12.09626335986454
8750,2,208.3333333333333,0,1,12.011886987792716
10404,2,216.75,25,44,11.976665770490767
3432,0,143.0,35,35,11.385103457032141
4500,1,150.0,43,43,11.711784520403112
8376,1,174.5,4,92,11.941950837487406
15352,2,213.22222222222223,0,0,12.359784657728284
8580,0,171.6,8,96,11.819681958463892
8580,1,190.66666666666663,1,60,11.782960235741939
15841,2,226.3,12,29,12.367345048436391
9864,2,205.5,56,56,12.025755079404917
6018,2,143.28571428571428,22,22,11.86710429621008
7790,1,222.57142857142856,57,57,11.931642378754141
13650,2,243.75,9,10,12.384223015005313
10458,2,217.875,39,39,12.07254696717504
6912,1,164.57142857142858,5,59,11.973516181427835
6680,1,222.66666666666663,53,53,11.964007453736912
19616,2,245.2,8,9,12.495007682693725
10787,3,220.1428571428572,4,5,12.230770136157428
4470,2,149.0,34,34,11.917730355182513
24451,3,317.54545454545456,6,128,12.59473402514672
16000,3,222.22222222222223,2,3,12.631016799175821
15701,3,249.22222222222223,16,17,12.323860125621126
8436,0,200.8571428571429,58,88,11.402005077384885
3444,2,172.2,59,69,11.320565693461432
17496,3,216.0,2,3,12.793862088206213
9006,2,214.42857142857144,12,13,12.017336559562407
5832,1,162.0,7,61,11.790564777297387
5590,2,186.3333333333333,56,67,11.694421681264394
14252,2,226.22222222222223,44,44,12.834683971615659
11487,2,234.42857142857144,16,81,12.08954444723597
10024,2,204.57142857142856,4,5,12.146858590895919
16471,2,213.9090909090909,29,29,12.468440756144114
15672,3,217.66666666666663,1,1,12.506180941677357
18522,3,264.6,16,16,12.468440756144114
10304,2,210.28571428571428,29,29,12.141539457711714
23364,3,259.6,0,0,12.74444728628135
19744,3,224.3636363636364,3,3,12.777055016970678
19110,2,303.3333333333333,20,21,12.614868865984631
3489,1,166.14285714285714,1,51,11.745433036677353
20846,2,248.16666666666663,3,43,12.396697137361691
4015,2,133.83333333333334,57,66,11.373674891823535
13752,2,245.57142857142856,15,15,12.688501881189456
8298,1,172.875,46,46,11.886218559372042
12804,2,194.0,15,93,12.276069679344003
5960,1,170.28571428571428,59,89,11.264476926102367
8640,1,157.0909090909091,43,43,11.686887175419702
5280,1,150.85714285714286,15,49,11.842236406331555
13032,3,203.625,5,6,12.556733038263905
9506,2,194.0,4,4,12.240478903153711
9828,2,204.75,10,10,12.165255859329688
8930,2,223.25,43,43,12.34126328584159
17298,3,213.5555555555556,1,2,12.841132451487937
10752,2,192.0,5,6,12.273735966890268
11347,2,180.11111111111111,8,22,12.218500103788143
7290,1,173.57142857142858,11,51,11.951186847493476
15264,2,190.8,8,8,12.220473454337986
3364,1,168.2,59,59,11.314486721293981
3120,2,148.57142857142858,56,57,11.37940550085183
15156,2,240.57142857142856,3,3,12.491255347155265
5560,1,222.4,34,34,11.350418300109132
9462,1,225.28571428571428,56,67,11.850832386224807
5748,1,159.66666666666666,9,47,11.928347504569842
8868,2,211.1428571428572,49,49,11.967187086434018
11382,2,232.28571428571428,4,5,11.944714374881176
24552,3,248.0,0,1,12.988043102265232
16821,2,267.0,0,0,12.670001611311875
10171,2,207.57142857142856,20,20,12.154784614286667
5555,1,185.16666666666663,58,67,11.461642696843066
4320,2,120.0,7,82,11.570259974415547
9570,1,227.8571428571429,6,66,11.849404844423074
7200,2,171.42857142857142,12,12,12.086731521684555
7002,2,166.71428571428572,17,17,12.06105265381003
5710,2,163.14285714285714,31,31,11.80560254159177
6760,1,193.1428571428572,48,48,11.775297421715827
15392,2,240.5,8,8,12.54254845357358
5472,2,152.0,29,29,11.957617696467539
7525,1,167.22222222222223,26,68,11.884495917930655
13454,2,240.25,6,6,12.198549416880068
5922,1,164.5,2,37,11.678448377988165
9444,2,224.8571428571429,30,30,12.154784614286667
6720,1,192.0,12,89,11.898194668458823
8364,2,199.1428571428572,46,46,11.976665770490767
8586,1,204.42857142857144,46,46,12.013706813470414
6340,1,158.5,56,56,11.790564777297387
6435,2,160.875,4,51,11.995357787034976
9984,2,208.0,6,6,12.057578437658945
6352,2,198.5,49,49,11.808821212646512
4512,1,150.4,26,26,11.736077016252437
6595,1,219.8333333333333,56,56,11.719947764402807
13496,2,214.22222222222223,3,4,12.299112067295642
904,0,180.8,59,87,11.0186455364637
4570,2,152.33333333333334,10,10,11.904974309480183
19728,2,274.0,2,3,12.73670383776449
16704,3,206.22222222222223,0,0,12.885204569609956
10800,2,225.0,9,9,12.095146671399466
8455,1,241.57142857142856,60,86,11.751950239425476
9107,2,216.8333333333333,0,0,12.142871895843887
12579,2,199.66666666666663,1,1,12.271396795480596
4704,2,130.66666666666666,59,81,11.23850177707664
11718,2,195.3,15,15,12.388398368982115
10152,2,181.28571428571428,5,6,12.165255859329688
5920,0,131.55555555555554,10,96,11.302216779257382
6750,1,160.71428571428572,33,33,11.736077016252437
10353,2,211.28571428571428,8,9,12.160033942617156
23320,3,233.2,0,1,12.962196972666593
6835,1,170.875,58,108,11.686887175419702
11766,2,245.125,7,8,12.278397958261774
4410,1,147.0,48,48,11.575909653758895
3152,0,157.6,56,65,11.51293546492023
5170,1,172.33333333333334,57,67,11.599112335481124
5720,1,163.42857142857142,54,54,11.767575435251748
4470,2,127.71428571428572,37,37,11.719947764402807
9060,1,201.3333333333333,45,45,12.040614105490253
5385,1,153.85714285714286,57,87,11.112462823634855
10850,2,193.75,2,3,12.392556361841777
10304,2,257.6,12,12,12.411056299528171
9170,2,187.1428571428572,1,1,12.013646205940514
3360,1,134.4,11,68,11.58989576532275
18104,2,205.72727272727272,8,8,12.460718739865236
9432,2,196.5,11,12,12.031725210748633
6480,2,180.0,16,33,11.918397239722838
9834,1,234.1428571428572,58,72,11.652696102959753
10080,1,186.66666666666663,32,93,12.083910661257521
15204,3,217.2,1,1,12.54254845357358
16624,3,230.88888888888889,0,1,12.73596827534975
6380,1,212.66666666666663,51,51,11.002116507732017
5280,2,176.0,51,51,11.884495917930655
10346,2,184.75,1,1,12.310437165348775
5140,2,171.33333333333334,60,83,11.652696102959753
14679,3,209.7,15,15,12.337105293891872
9380,2,191.42857142857144,0,0,12.106997888588934
8400,2,200.0,28,28,11.915058360753719
15744,3,238.54545454545453,57,89,12.384223015005313
5670,1,141.75,57,67,11.744045122410057
5280,1,150.85714285714286,42,42,11.863589378812122
9408,4,149.33333333333334,10,11,12.237091546357338
9612,2,178.0,9,32,12.278397958261774
4940,2,197.6,54,54,11.635151947212842
21040,3,292.22222222222223,10,10,12.660331092405906
7176,1,170.85714285714286,52,52,11.842236406331555
9723,1,198.42857142857144,17,63,11.813037464800539
11508,2,274.0,20,20,12.524530013005734
3628,1,151.16666666666666,51,51,11.599185726610004
8456,2,172.57142857142858,0,0,12.182809136284991
8472,2,201.7142857142857,21,21,12.07254696717504
5922,1,197.4,37,37,11.355113089309977
7188,0,149.75,10,88,11.288543647320601
6825,2,195.0,36,36,11.715874472198905
9624,2,200.5,10,11,12.10625783509458
2520,0,157.5,36,36,11.302216779257382
11627,2,237.28571428571428,13,13,12.264346270624157
6708,2,159.71428571428572,56,86,11.661354090741
5424,1,180.8,5,83,11.686887175419702
3470,1,138.8,5,94,11.411457364027745
7176,2,149.5,9,89,11.608244735642321
24020,3,218.3636363636364,1,1,13.22672519452875
5760,0,160.0,53,53,11.678448377988165
7865,2,174.77777777777777,16,78,12.000897933306716
8806,3,179.71428571428572,0,1,12.058158312538197
13356,2,212.0,13,14,12.25486757159303
10134,2,211.125,53,53,11.755879486687116
11328,2,269.7142857142857,8,44,12.154784614286667
13202,2,171.45454545454547,7,8,12.20557752297723
8256,1,172.0,56,69,11.691080018519527
3549,1,169.0,5,59,11.695255355062795
4878,1,135.5,1,76,11.608244735642321
10731,2,255.5,31,31,12.54254845357358
10536,2,219.5,10,11,12.225880174775122
12720,2,227.1428571428572,1,1,12.25486757159303
8640,2,192.0,30,30,12.144202560946876
8694,2,177.42857142857142,34,34,12.075400019877522
6720,3,168.0,58,92,11.49273296168228
6652,2,237.57142857142856,14,54,12.45293662970407
13328,1,208.25,12,83,11.989165855127435
6015,1,200.5,59,59,11.608244735642321
15480,2,215.0,0,0,12.481565733211923
7945,2,162.14285714285714,2,73,11.951186847493476
4320,1,144.0,44,44,11.04106411122238
9960,1,237.1428571428572,13,74,12.147919030759663
5200,0,173.33333333333334,31,31,11.728044909070785
9898,2,202.0,2,2,12.093693109638318
8939,2,212.8333333333333,37,37,12.025755079404917
8220,1,205.5,12,65,11.89478753335453
13072,3,204.25,1,1,12.429220196836383
10260,2,213.75,15,15,12.138869243416009
12016,2,300.4,25,25,12.264346270624157
13783,2,218.77777777777777,30,30,12.154784614286667
6432,2,178.66666666666666,3,3,11.904974309480183
15808,3,247.0,0,1,12.994532278619134
13216,2,236.0,7,7,12.433212202169729
4850,2,161.66666666666666,44,44,11.794345471549745
8958,2,186.625,10,11,12.249615734512616
23787,3,264.3,1,1,12.847929163278053
13744,3,214.75,1,2,12.601490784782536
4524,2,141.375,7,70,11.401681006153428
16650,3,205.5555555555556,1,2,12.694655727828803
16128,3,256.0,2,3,12.832013750189885
12782,1,228.25,4,94,11.951186847493476
7296,2,202.66666666666663,8,8,12.00762780434872
4995,1,142.71428571428572,6,45,11.794345471549745
5565,1,185.5,2,59,11.898194668458823
5365,2,153.28571428571428,42,42,11.957617696467539
7420,2,185.5,36,36,12.07254696717504
12070,2,219.45454545454547,36,106,11.982935344196433
2520,1,157.5,7,39,11.362114203075018
6520,1,260.8,32,32,11.652696102959753
9468,1,263.0,56,65,11.798111925972618
8736,2,161.77777777777777,0,0,12.059809113551397
6345,1,181.28571428571428,48,48,11.951186847493476
4430,1,177.2,13,71,11.421917019425596
2880,0,144.0,59,89,10.460270761075149
25824,2,293.45454545454544,14,15,12.971542813248437
12740,1,202.22222222222223,58,83,12.122696471358964
4495,1,149.83333333333334,5,42,11.775297421715827
4560,1,152.0,22,49,11.695255355062795
7308,1,152.25,34,34,11.635151947212842
12376,2,221.0,3,3,12.331387247601905
6070,2,173.42857142857142,42,42,11.849404844423074
12607,2,257.2857142857143,13,51,12.574185427296195
7932,2,188.8571428571429,35,35,11.898194668458823
9800,2,178.1818181818182,57,57,11.732069026983156
15288,2,212.3333333333333,12,13,12.278397958261774
7308,2,243.6,0,0,12.246739428005663
9646,2,172.25,3,80,11.989165855127435
5205,1,148.71428571428572,50,50,11.732069026983156
6815,1,194.7142857142857,9,58,12.013100572810686
9576,2,195.42857142857144,0,1,12.2193145828011
4320,2,144.0,48,48,11.774527900858468
6480,2,180.0,24,24,11.80560254159177
3945,1,131.5,57,81,11.477308649967686
20200,3,202.0,0,0,12.90634935052389
12714,2,264.875,37,37,11.970356641102999
16408,3,293.0,12,13,12.487488878546145
10776,2,224.5,9,9,12.259618151783465
14560,1,208.0,5,83,12.36308066783498
5176,0,161.75,8,108,11.573559498507079
7464,1,177.71428571428572,50,50,11.918397239722838
9984,2,208.0,56,59,11.976665770490767
16786,3,266.44444444444446,10,11,12.662709207270272
8862,2,180.8571428571429,1,1,12.07824495582233
4640,1,185.6,7,51,11.790564777297387
24417,3,226.0833333333333,0,0,13.008661502470739
2420,0,100.83333333333331,5,87,11.362114203075018
15090,2,251.5,32,50,12.209192772866418
9054,2,251.5,19,20,12.07254696717504
8172,2,194.57142857142856,9,88,11.759793355371237
4135,1,137.83333333333334,3,55,11.58525542883217
334,0,111.33333333333331,57,61,10.579005242826247
11312,2,202.0,2,2,12.08954444723597
6735,0,224.5,17,98,11.58525542883217
12068,2,191.5555555555556,9,10,12.144202560946876
3456,2,144.0,36,36,11.619544188752133
5795,1,144.875,38,38,11.970356641102999
12808,2,228.7142857142857,8,9,12.513561021741964
16542,3,204.22222222222223,3,3,12.660331092405906
18280,3,253.88888888888889,7,7,12.421188057397055
11760,2,210.0,10,11,12.270225154674701
5369,1,153.4,9,9,11.798111925972618
10472,2,187.0,0,0,12.098854850641
15281,3,218.3,18,18,12.34148164933907
9810,2,233.57142857142856,57,84,12.25486757159303
3840,2,128.0,37,37,11.771443882099637
4125,2,165.0,13,53,11.736077016252437
14658,2,232.66666666666663,5,6,12.479913113434042
6414,2,213.8,31,31,11.849404844423074
4640,1,154.66666666666666,51,51,11.630717389475995
13736,3,214.625,3,3,12.450981602512561
4504,2,187.66666666666663,6,60,11.58989576532275
14322,3,227.3333333333333,4,5,12.556733038263905
5240,1,174.66666666666666,56,84,11.635151947212842
5460,1,156.0,49,49,11.856522261533737
5344,1,167.0,56,86,11.58989576532275
10122,2,206.57142857142856,11,12,12.07254696717504
10899,2,194.625,2,3,12.36308066783498
6960,2,232.0,14,53,11.707677772181546
6945,2,198.42857142857144,31,32,12.04355959836804
4980,0,142.28571428571428,39,68,11.58989576532275
10044,2,186.0,58,90,12.128116509451258
16065,2,229.5,6,14,12.498745990829315
9882,1,235.28571428571428,60,95,11.759793355371237
22536,3,208.66666666666663,1,3,12.691583538230217
10745,2,191.875,6,6,12.273735966890268
17056,2,355.3333333333333,0,26,12.665397584983758
4715,2,188.6,27,27,11.820123358887447
8640,2,157.0909090909091,43,43,11.867805799560465
5184,1,172.8,47,47,11.695255355062795
11844,2,241.7142857142857,0,0,12.32163544049751
10010,2,158.88888888888889,7,7,12.04355959836804
5545,1,184.8333333333333,2,36,11.842236406331555
6080,1,173.71428571428572,58,61,11.682676678340282
10339,1,211.0,59,81,11.884495917930655
6600,2,188.57142857142856,40,40,12.010671928196443
9744,2,232.0,1,1,11.891368749982085
8975,1,224.375,54,54,11.78676973513378
8574,2,178.625,20,47,12.111217862017215
16336,3,226.88888888888889,0,1,12.442306148381938
4896,0,136.0,17,17,11.682676678340282
27750,2,277.5,8,115,12.691583538230217
6292,1,224.7142857142857,14,74,11.798111925972618
16224,3,253.5,0,1,12.820990681250251
5028,1,139.66666666666666,8,90,11.775297421715827
4300,2,172.0,27,27,11.827743504053695
7365,1,245.5,6,41,11.870606902224587
4675,1,187.0,48,78,11.283524879179666
11074,2,226.0,4,4,12.132969552931216
22960,3,208.72727272727272,1,1,13.02132904585825
4080,2,163.2,5,26,11.835016210489899
5088,2,169.6,6,6,11.849404844423074
4620,1,154.0,33,33,11.608244735642321
14608,3,228.25,0,1,12.672949516558306
8208,1,171.0,13,96,11.648373769145277
9814,3,175.25,0,1,12.176654133447505
8235,2,205.875,29,29,12.289958727201455
9336,2,222.28571428571428,28,28,11.92504173829169
15232,2,211.5555555555556,1,1,12.524530013005734
8250,1,196.42857142857144,57,70,11.856522261533737
15320,2,212.77777777777777,14,14,12.301387370778713
8400,2,240.0,5,6,11.92504173829169
10458,2,213.42857142857144,6,6,12.30592250537653
13902,2,248.25,19,44,12.230770136157428
5200,2,148.57142857142858,13,13,11.931642378754141
10040,1,223.11111111111111,4,58,12.323860125621126
25552,2,290.3636363636364,9,73,12.791358964949923
4116,1,171.5,46,46,11.682676678340282
19377,3,239.22222222222223,9,9,12.653961664405365
6192,2,147.42857142857142,29,29,11.904974309480183
14976,2,234.0,8,8,12.474193386571581
5600,0,160.0,0,0,11.898194668458823
2520,0,157.5,38,38,11.231901180182515
6324,2,150.57142857142858,47,47,11.83138646878959
9054,2,188.625,3,4,12.118339189722553
4992,2,166.4,54,54,11.566475710526321
16452,3,182.8,0,0,12.659737267217572
18096,3,205.63636363636363,5,5,12.628070334272698
2592,0,144.0,58,94,11.112462823634855
15684,2,261.4,11,34,12.388398368982115
4900,2,140.0,32,32,11.813037464800539
9072,2,302.4,7,7,12.034696963475044
10740,2,198.88888888888889,34,34,12.014615485902027
6696,2,186.0,48,48,11.982935344196433
7110,1,203.1428571428572,29,47,11.848690308590857
9120,1,190.0,38,55,11.938199736300925
10400,2,208.0,38,38,11.813037464800539
8100,2,192.8571428571429,44,44,12.034696963475044
8750,1,194.44444444444449,15,126,11.728044909070785
12432,2,222.0,1,1,12.252483791602627
9877,2,201.57142857142856,32,32,11.320565693461432
5280,1,150.85714285714286,2,53,11.845109950883979
6336,2,211.2,30,30,11.87757552297847
20370,0,226.3333333333333,12,93,12.206077645517674
1600,0,160.0,59,73,11.002116507732017
6935,1,173.375,55,55,11.440365524765756
3980,0,159.2,58,98,11.350418300109132
12536,3,195.875,0,0,12.485830907348902
12144,2,216.8571428571429,4,5,12.520887034998584
13503,2,241.125,6,6,12.328294703023394
21632,2,270.4,14,37,12.75130259456002
8100,2,202.5,38,38,11.931642378754141
15894,3,220.75,0,0,12.823631142839984
5886,2,163.5,36,36,11.872353615355413
5240,2,131.0,58,58,11.495789479023493
6564,2,182.3333333333333,55,55,11.951186847493476
11034,2,229.875,44,44,11.951186847493476
2520,0,157.5,37,37,11.344518647594766
11655,2,208.125,1,1,12.235393555399902
6040,1,188.75,59,69,11.58989576532275
12012,2,214.5,13,13,12.160033942617156
8814,1,183.625,13,102,11.813037464800539
16904,3,264.125,13,13,12.765691290604371
6552,1,156.0,39,39,11.385103457032141
5265,1,175.5,2,49,11.8879382384223
10514,1,214.57142857142856,8,77,11.91170829631447
8748,1,208.28571428571428,60,62,11.487617913343598
7430,2,185.75,10,45,12.025755079404917
13545,2,241.875,31,31,12.19552218463499
19584,3,272.0,4,15,12.904209855160254
8352,2,232.0,41,41,11.608244735642321
4724,2,168.71428571428572,36,36,11.83138646878959
16776,3,233.0,0,1,12.955129822091815
15488,2,242.0,6,6,12.348010479804223
14280,2,297.5,28,42,11.767575435251748
10074,2,209.875,10,14,12.173037959397275
7185,2,205.28571428571428,19,50,12.031725210748633
4720,1,196.66666666666663,56,84,11.83138646878959
8856,2,184.5,4,4,12.063938642041201
8214,1,195.57142857142856,59,84,11.548302261270587
7248,2,172.57142857142858,29,29,12.013706813470414
11034,2,229.875,3,50,12.458778882573533
6816,1,189.3333333333333,43,43,11.849404844423074
8646,2,180.125,31,31,11.908346971208951
7096,3,197.11111111111111,56,106,11.373674891823535
3960,1,132.0,3,85,11.603688960617083
16368,3,255.75,1,1,12.827995001361906
4940,2,164.66666666666666,46,46,11.763691965388299
5538,1,153.83333333333334,30,30,11.870606902224587
7600,1,217.1428571428572,9,77,11.979391594635791
7746,2,184.42857142857144,11,12,12.06105265381003
15012,3,208.5,5,5,12.560247968016562
12873,2,229.875,12,12,12.30592250537653
14630,2,298.57142857142856,23,23,12.242891437918386
12327,2,220.125,0,0,12.336556900342153
7714,2,220.4,3,3,11.910365121788654
11352,2,177.375,0,0,12.879019669789754
8172,2,194.57142857142856,1,2,12.179220327453931
5088,2,212.0,4,4,11.856522261533737
17633,2,251.9,16,17,12.721888795877375
5365,1,214.6,38,85,11.59433032142082
7695,2,256.5,59,73,11.860062063178267
6822,2,189.5,19,19,12.07824495582233
3080,1,123.2,56,85,11.39640288460621
5740,1,164.0,54,54,11.724004532183379
4470,1,149.0,1,45,11.83863282480007
9737,2,231.8333333333333,4,4,12.185875040240456
14400,3,225.0,4,4,12.652362948153474
8148,2,166.28571428571428,37,37,11.849404844423074
20608,3,234.1818181818182,0,0,12.799178471909892
9060,2,201.3333333333333,14,110,11.849404844423074
10388,2,185.5,5,6,12.269052139516223
4368,0,136.5,60,80,10.915106645867503
12768,2,304.0,5,36,12.618185607609803
10592,2,189.1428571428572,3,3,12.445093483000798
10192,2,161.77777777777777,0,0,12.09815887308463
4520,1,129.14285714285714,42,42,11.60733523953139
2187,0,121.5,5,73,10.859018228147887
4712,1,147.25,60,110,11.54031687156214
9824,2,204.66666666666663,19,20,12.149507585033072
3840,2,137.14285714285714,36,36,11.767575435251748
8874,2,211.28571428571428,5,34,11.779136168550774
8100,2,168.75,35,35,12.013706813470414
17878,2,283.77777777777777,9,117,11.979805470779858
5890,2,196.3333333333333,8,35,11.964007453736912
16926,3,241.8,14,15,12.739640688812674
4855,1,161.83333333333334,37,37,11.763691965388299
13936,2,290.3333333333333,21,21,12.524530013005734
5088,2,212.0,6,6,11.870606902224587
3456,2,144.0,39,39,11.732069026983156
5880,1,183.75,36,54,11.813037464800539
15282,3,188.66666666666663,1,2,12.676079399771027
3456,2,144.0,39,39,11.699413330633599
10080,2,280.0,2,21,12.310437165348775
8624,2,176.0,2,2,12.178192583415596
8880,3,177.6,51,51,11.608244735642321
4832,2,201.3333333333333,59,84,11.542493975902508
12928,2,269.3333333333333,14,15,12.373707715234994
8022,2,163.71428571428572,4,4,12.141539457711714
14217,2,225.66666666666663,9,10,12.312686874960354
5720,1,163.42857142857142,26,48,11.786008995353765
4740,1,135.42857142857142,39,39,11.58989576532275
12376,2,252.57142857142856,36,92,12.001511614739405
3120,2,148.57142857142858,56,56,11.445727410406752
14408,3,200.11111111111111,1,1,12.3879816172226
6000,0,200.0,21,22,12.095146671399466
12096,2,216.0,5,5,12.154784614286667
7160,2,179.0,5,97,11.790564777297387
5472,1,152.0,12,47,11.863589378812122
9443,2,192.7142857142857,6,7,12.095146671399466
7320,2,209.1428571428572,10,46,12.07254696717504
10696,2,222.8333333333333,15,15,12.100717685412471
21720,2,226.25,12,32,12.61087420020211
15792,2,250.66666666666663,9,9,12.371591321286905
18480,4,293.3333333333333,6,129,12.491176396967154
12040,2,215.0,14,14,12.469978029554953
6116,1,152.9,59,64,11.49273296168228
4560,0,142.5,6,100,11.477308649967686
9240,2,188.57142857142856,4,4,11.995357787034976
8964,2,213.42857142857144,9,9,12.28765724080691
16784,3,233.11111111111111,1,1,12.526346537332584
6156,2,171.0,4,40,11.957617696467539
8826,2,210.1428571428572,10,10,12.058158312538197
14144,2,221.0,2,2,12.264346270624157
8316,2,198.0,32,32,11.97603664577121
10507,2,214.42857142857144,9,9,12.097378802727306
20248,3,253.1,12,12,12.577639650232573
5184,1,144.0,50,50,11.755879486687116
6505,2,216.8333333333333,59,85,11.51293546492023
10829,2,193.375,1,1,12.279327754099118
18920,3,262.77777777777777,10,10,12.727841176689147
11952,2,213.42857142857144,10,11,12.506180941677357
13554,2,215.1428571428572,0,0,12.484208043148733
11998,2,214.25,22,22,12.188422799337028
10500,1,218.75,23,68,11.982935344196433
12852,2,204.0,1,2,12.28690580994122
26232,3,252.23076923076923,7,7,13.195615697878253
4290,2,143.0,27,27,11.812296455066814
4880,2,174.28571428571428,55,55,11.532737896139919
6702,2,159.57142857142858,34,34,11.580593459194764
4560,1,152.0,49,49,11.648338835562747
15784,3,197.3,1,1,12.886643575525625
7224,2,200.66666666666663,11,11,11.995357787034976
11298,3,201.75,0,1,12.308182383129823
4470,2,149.0,32,32,11.86710429621008
10100,2,183.63636363636363,30,30,11.87757552297847
6024,2,200.8,29,29,11.813037464800539
8771,2,179.0,11,12,12.07824495582233
9618,2,200.375,14,14,12.077676615757813
10010,2,204.28571428571428,7,8,12.139403856983334
5550,2,222.0,31,31,12.016732516077072
8904,0,148.4,7,94,11.759793355371237
8052,2,167.75,42,42,11.992266613576142
8260,1,206.5,60,95,11.842236406331555
14588,2,231.5555555555556,6,6,12.358798024384122
3604,1,180.2,8,54,11.588969419043872
12522,2,208.7,0,41,12.141539457711714
8015,2,190.8333333333333,3,4,11.984184555794167
6372,2,177.0,31,31,11.896833207128452
14091,2,223.66666666666663,10,11,12.505402864156405
11968,2,187.0,0,0,12.323860125621126
13265,2,236.875,12,14,12.178192583415596
9384,2,195.5,29,30,12.049424683420915
7710,2,160.625,30,30,11.874097282798648
3865,1,154.6,55,55,11.608244735642321
28260,3,261.6666666666667,0,1,13.091906231773164
8840,1,221.0,57,70,12.07254696717504
10128,2,187.5555555555556,11,11,12.206077645517674
4784,2,199.3333333333333,17,91,11.60733523953139
10192,2,182.0,3,3,12.149507585033072
25398,3,217.07692307692307,0,1,13.275829251377
5640,1,188.0,52,52,11.678448377988165
9996,2,204.0,0,0,12.335700805443338
4900,1,140.0,39,39,11.816734299348461
7880,2,225.1428571428572,5,86,12.317171167298682
5430,2,155.14285714285714,40,40,11.982622797311857
10690,2,178.16666666666666,44,111,11.571203807011969
7854,2,218.16666666666663,7,32,12.10625783509458
5088,2,169.6,4,4,11.881041706925902
5220,2,208.8,58,58,10.932999821119937
8652,1,180.25,49,49,11.969723533345908
6250,1,156.25,56,88,11.661354090741
11627,2,237.28571428571428,12,12,12.323415584358154
5040,1,201.6,52,52,11.827743504053695
13512,3,211.125,6,6,12.509877789891931
6312,2,150.28571428571428,39,39,11.951186847493476
9506,2,194.0,0,1,12.319405795112926
11480,2,234.28571428571428,5,5,12.117246896289503
3744,2,187.2,56,56,11.440365524765756
12131,2,216.625,4,4,12.323860125621126
8934,1,186.125,59,69,11.845827048676645
11912,2,186.125,0,0,12.357079818283598
20840,3,260.5,0,1,12.861001210669146
3920,0,130.66666666666666,58,84,11.603688960617083
10038,2,204.8571428571429,8,8,12.149507585033072
10630,2,265.75,42,42,12.128116509451258
8561,2,244.6,1,1,11.900912042974875
8352,2,198.8571428571429,51,51,12.019749091416921
8400,2,240.0,1,1,11.92504173829169
12803,2,228.625,7,7,12.37581963951765
9096,2,216.57142857142856,45,45,12.025755079404917
5720,2,163.42857142857142,47,47,11.849047640327147
4268,2,213.4,15,60,11.759793355371237
7795,2,259.8333333333333,34,59,11.941462360646149
5922,1,164.5,35,35,11.51293546492023
5495,1,157.0,2,13,11.87757552297847
6000,1,171.42857142857142,13,62,11.779136168550774
8892,1,185.25,58,83,11.849404844423074
7695,2,171.0,6,104,11.967187086434018
6990,2,166.42857142857142,42,42,12.071975378543236
9000,0,163.63636363636363,46,46,11.856522261533737
7080,3,177.0,58,93,11.944064817531656
8505,2,243.0,26,32,12.049424683420915
12425,2,221.875,16,16,12.269052139516223
4320,1,144.0,37,37,11.80186424743109
14148,2,214.3636363636364,11,100,12.388398368982115
11130,2,231.875,13,31,12.138869243416009
5088,2,212.0,4,4,11.78676973513378
11648,2,182.0,3,3,12.278397958261774
11522,1,205.75,57,66,12.00762780434872
8670,2,180.625,45,45,11.970356641102999
8895,2,254.1428571428572,32,51,12.04355959836804
5200,1,148.57142857142858,0,48,11.751950239425476
6156,2,171.0,30,30,11.898194668458823
8886,2,211.57142857142856,14,15,12.066816325306588
9590,2,195.7142857142857,33,33,11.931642378754141
15924,2,265.4,22,38,12.429220196836383
9982,1,178.25,9,89,12.154521423145216
5195,2,148.42857142857142,45,45,11.78676973513378
6582,2,156.71428571428572,25,26,11.931642378754141
5740,1,164.0,50,50,11.794345471549745
9604,2,196.0,0,1,12.43153750053306
5010,2,167.0,39,39,11.908346971208951
13168,3,235.1428571428572,0,1,12.424810506025395
4480,2,186.66666666666663,46,46,11.767575435251748
11600,2,290.0,56,58,12.037659911047468
13643,2,216.5555555555556,16,17,12.371591321286905
4470,1,149.0,47,47,11.603688960617083
10092,2,210.25,12,12,12.208574513247495
4550,2,151.66666666666666,12,55,11.661354090741
6340,1,181.1428571428572,59,60,11.798111925972618
5655,1,188.5,59,68,11.104972264124868
20880,2,217.5,0,0,12.623064399210183
4160,2,173.33333333333334,44,44,11.792456911128632
20016,3,202.1818181818182,4,5,12.765691290604371
5775,2,165.0,15,49,11.904974309480183
4320,1,123.42857142857144,4,31,11.824087219587643
5450,2,181.66666666666663,1,2,11.964007453736912
12019,2,214.625,16,17,12.141539457711714
9558,2,199.125,16,17,12.08954444723597
8920,1,202.72727272727272,56,94,11.682676678340282
4460,1,148.66666666666666,42,42,11.51293546492023
15381,2,284.8333333333333,8,9,12.70351207261035
8560,2,190.22222222222223,1,47,11.884495917930655
6965,1,154.77777777777777,53,53,11.816734299348461
17736,2,246.3333333333333,37,37,12.498745990829315
9030,2,215.0,56,56,11.915058360753719
4620,2,132.0,1,58,11.719134432217524
10098,2,210.375,31,31,12.058158312538197
6408,1,152.57142857142858,3,43,11.947955847790901
6915,1,197.57142857142856,54,54,12.013706813470414
7675,2,170.55555555555554,30,30,11.685693195625964
10776,2,199.5555555555556,45,45,11.849404844423074
3804,1,135.85714285714286,56,70,11.575909653758895
11200,2,172.30769230769232,30,30,11.870278179170796
21276,3,197.0,0,1,13.323928581764989
6180,1,176.57142857142858,12,45,11.813037464800539
3432,1,171.6,36,36,11.608244735642321
6530,1,217.66666666666663,9,52,11.938199736300925
10563,2,167.66666666666666,3,3,12.100717685412471
11690,3,208.75,0,0,12.388398368982115
4510,1,128.85714285714286,40,40,11.74006900564972
5315,1,151.85714285714286,56,56,11.759793355371237
13088,3,181.77777777777777,1,1,12.449022745701502
14399,1,293.85714285714283,19,70,12.429220196836383
4510,2,150.33333333333334,23,23,11.782960235741939
8904,2,164.88888888888889,4,4,12.066816325306588
11370,2,174.92307692307693,50,50,11.946660519211651
6340,1,211.3333333333333,20,32,11.874097282798648
5075,1,145.0,56,81,11.385103457032141
10010,3,222.44444444444449,57,58,11.884495917930655
7344,2,244.8,0,0,12.065280672855897
4368,1,156.0,37,37,11.225256725762893
960,1,96.0,56,57,10.471978128496518
4916,1,175.57142857142858,53,53,11.813037464800539
14889,3,236.3333333333333,16,16,12.380030154325457
8484,2,202.0,6,50,12.081081821061819
10326,2,215.125,13,13,12.211065162153215
11000,0,220.0,5,108,11.890683588496984
7896,2,188.0,0,1,12.043500773454495
9702,2,269.5,14,15,12.170450649220749
10116,2,210.75,26,26,12.242891437918386
5630,2,160.85714285714286,31,31,12.07254696717504
18992,3,215.8181818181818,3,4,12.560247968016562
13846,2,197.8,40,40,12.07824495582233
14304,2,223.5,8,8,12.373707715234994
15652,2,248.44444444444449,9,9,12.310437165348775
11728,3,183.25,2,2,12.211065162153215
4625,1,154.16666666666666,44,44,11.674202123168433
17145,3,211.66666666666663,1,1,12.676079399771027
10500,2,214.28571428571428,5,5,12.154784614286667
14483,2,206.9,1,48,12.396697137361691
2988,2,124.5,53,80,11.288543647320601
8400,2,200.0,6,6,12.127575825689417
13797,2,219.0,4,4,12.441148720271016
13734,3,245.25,0,0,12.387560521575551
16821,1,218.45454545454547,60,70,12.406565597924235
10368,2,192.0,30,30,11.924379271639218
14420,2,228.88888888888889,10,10,12.273735966890268
5760,0,160.0,30,30,11.918397239722838
8160,2,181.3333333333333,40,40,11.870606902224587
8064,2,168.0,51,51,11.83138646878959
9345,2,233.625,13,119,11.735276702486741
5720,1,163.42857142857142,47,47,11.870606902224587
13032,3,162.9,4,5,12.506180941677357
12432,2,222.0,4,4,12.167856627501678
8286,2,230.16666666666663,4,38,12.193498926601634
4320,2,144.0,5,57,11.767575435251748
4825,1,137.85714285714286,41,41,11.694421681264394
3840,1,128.0,6,37,11.804855999911272
9840,2,246.0,39,39,12.055255569732177
5880,0,196.0,31,31,11.755879486687116
11748,2,217.5555555555556,57,61,11.884495917930655
7374,2,204.8333333333333,29,29,11.728044909070785
5285,2,151.0,45,45,11.790564777297387
9359,2,191.0,4,4,12.128116509451258
9912,2,202.28571428571428,11,11,11.951186847493476
4290,0,171.6,2,52,11.665655135642039
17232,2,239.3333333333333,13,31,12.513561021741964
9288,2,193.5,31,31,11.951186847493476
16200,2,225.0,2,2,12.384223015005313
13258,2,210.44444444444449,7,8,12.277932735946903
8904,2,164.88888888888889,0,2,12.094587859196112
6540,1,163.5,59,69,11.982935344196433
5490,1,156.85714285714286,53,53,11.813037464800539
2904,0,138.28571428571428,59,99,10.542732775946709
6570,1,156.42857142857142,48,48,11.849404844423074
4768,0,170.28571428571428,56,57,11.813037464800539
11382,2,232.28571428571428,5,6,12.06105265381003
5508,1,153.0,31,31,11.507922973347437
9996,2,204.0,0,1,12.111767460549332
14133,2,224.3333333333333,16,99,12.02874460037869
9674,2,197.42857142857144,6,6,12.013706813470414
3476,0,173.8,48,83,11.356283350762888
8687,2,248.2,0,1,12.20557752297723
3576,2,149.0,53,53,11.608244735642321
5605,2,186.8333333333333,46,46,11.842236406331555
6993,2,142.71428571428572,1,47,12.091789104493502
20896,3,290.22222222222223,10,11,12.724869415131389
8862,2,180.8571428571429,1,1,11.982278882874377
18320,2,229.0,6,6,12.45254592991672
8670,2,192.66666666666663,32,32,11.744045122410057
5820,1,194.0,58,58,11.736077016252437
9810,1,272.5,3,96,11.669937760751914
17460,3,215.5555555555556,0,1,12.887129532148373
12180,2,225.5555555555556,31,31,12.180759965737863
11032,2,225.1428571428572,0,0,12.190964083849375
19136,3,299.0,8,9,12.759960632315702
13936,2,193.5555555555556,23,127,12.031725210748633
11106,2,231.375,14,43,12.138869243416009
9000,2,214.28571428571428,0,1,12.066241450757124
17180,3,214.75,2,3,12.729323752253295
4920,1,205.0,56,60,11.7085004721646
5250,1,150.0,45,45,11.824087219587643
8652,2,206.0,39,39,12.128116509451258
3231,1,153.85714285714286,56,84,11.418625774449598
8456,2,172.57142857142858,4,4,12.235636302128867
2832,2,188.8,57,57,11.314486721293981
3455,1,138.2,57,87,11.362114203075018
12592,3,196.75,2,2,12.354496960983985
8400,2,186.66666666666663,31,31,11.827049837927534
10528,2,188.0,3,4,12.10625783509458
4925,1,140.71428571428572,31,31,11.917730355182513
9942,2,207.125,37,37,12.004574385508691
4368,1,156.0,39,39,11.385103457032141
11970,2,213.75,4,5,12.388398368982115
7610,0,190.25,56,80,11.532737896139919
6355,1,158.875,58,60,11.813037464800539
8320,0,184.88888888888889,45,45,11.51293546492023
9012,1,187.75,11,84,12.013706813470414
5110,1,204.4,3,99,11.350418300109132
6492,1,180.3333333333333,57,59,11.688566422839942
13320,2,237.8571428571429,8,8,12.33270970174018
10528,2,214.8571428571429,13,13,12.220966184120165
10880,2,272.0,25,25,12.141539457711714
10304,2,184.0,15,16,11.982935344196433
10542,2,215.1428571428572,1,1,12.271349956195543
4528,2,188.66666666666663,3,3,12.07824495582233
8540,2,174.28571428571428,0,0,12.175618592671356
6240,1,178.28571428571428,57,77,11.373674891823535
10528,2,188.0,2,3,12.160033942617156
23184,2,263.45454545454544,32,32,12.567240979056246
4410,2,147.0,35,35,11.630717389475995
6320,2,180.57142857142856,50,50,12.02874460037869
13168,3,205.75,0,1,12.588194064175278
6880,1,196.57142857142856,57,66,11.561725152903833
7308,1,152.25,34,34,11.678448377988165
9640,0,175.27272727272728,11,90,11.982935344196433
21574,2,237.07692307692307,39,89,12.190964083849375
20160,3,229.0909090909091,13,13,12.644330802262578
11578,3,236.28571428571428,4,4,12.345838935721968
4770,1,159.0,57,69,11.693169865968983
3380,1,140.83333333333334,52,52,11.338583982516495
14580,3,231.42857142857144,1,2,12.66191713053049
18104,2,282.875,6,7,12.567240979056246
5376,0,192.0,1,39,11.48247656671073
2520,1,157.5,39,39,11.289794413577894
9015,2,200.3333333333333,6,49,11.951186847493476
9792,2,204.0,8,42,12.06105265381003
7836,2,217.66666666666663,4,4,12.185875040240456
16303,2,211.72727272727272,18,18,12.47717172708952
20192,2,252.4,28,28,12.535379989788607
5199,2,192.5555555555556,54,54,11.846543632608535
25812,3,239.0,0,1,13.229569788348705
4950,2,165.0,13,14,11.884495917930655
8855,2,177.1,3,49,11.652696102959753
3720,1,132.85714285714286,4,64,11.349241150793087
9114,2,186.0,0,0,12.080996832096167
9212,2,188.0,0,0,12.206782393599413
11862,2,197.7,29,43,12.013706813470414
7630,1,190.75,8,53,11.881041706925902
15912,2,248.625,4,4,12.449022745701502
9138,2,190.375,32,32,12.100717685412471
9548,2,194.8571428571429,1,1,12.13270055639427
12950,2,231.25,15,15,12.421188057397055
19656,3,198.54545454545453,1,1,12.721888795877375
11946,2,248.875,57,75,12.301387370778713
10704,2,191.1428571428572,9,9,12.271396795480596
2682,3,127.71428571428572,58,73,11.302216779257382
11685,2,212.45454545454547,57,107,11.407576060361786
6618,2,183.8333333333333,26,81,11.612779849672751
5770,2,164.85714285714286,43,43,11.944714374881176
15820,2,282.5,13,14,12.700771936142122
9426,2,196.375,15,16,12.08954444723597
9666,2,201.375,44,44,12.031129798974042
15126,2,229.1818181818182,33,33,11.927687224983487
4465,2,178.6,4,58,11.813037464800539
5240,1,149.71428571428572,51,51,11.813037464800539
9336,2,172.88888888888889,41,41,11.944714374881176
7280,1,182.0,56,58,11.424105180165641
8556,2,203.7142857142857,32,32,11.979805470779858
8680,3,206.66666666666663,1,1,12.175618592671356
12180,1,248.57142857142856,23,67,12.299112067295642
7330,2,183.25,17,70,12.04355959836804
5480,1,156.57142857142858,37,37,11.840796531639839
5088,2,212.0,2,2,11.956976469393481
4950,1,165.0,13,13,11.744045122410057
7548,2,209.66666666666663,4,37,11.884495917930655
5200,1,173.33333333333334,47,47,11.798111925972618
10213,2,208.42857142857144,5,5,12.165255859329688
7506,1,178.71428571428572,42,42,11.982935344196433
8988,2,214.0,10,11,12.141539457711714
5976,2,166.0,18,18,11.898194668458823
4368,1,156.0,37,37,11.332613886815139
15624,3,195.3,3,4,12.437188334739655
11963,2,213.625,2,2,11.83138646878959
9976,2,249.4,1,1,12.190964083849375
3120,2,148.57142857142858,59,59,11.439289689006644
8764,2,250.4,8,9,11.982935344196433
10164,2,211.75,58,83,11.824087219587643
6000,2,171.42857142857142,8,41,11.891368749982085
4680,1,187.2,10,54,11.767575435251748
7884,2,187.7142857142857,1,1,12.080696479888447
8130,0,169.375,1,93,11.751950239425476
8704,2,181.3333333333333,21,21,12.04355959836804
5296,1,189.1428571428572,59,73,11.759793355371237
11207,2,200.125,31,31,11.964007453736912
876,1,109.5,59,89,11.002116507732017
4750,1,158.33333333333334,36,36,11.691080018519527
5670,1,162.0,5,47,11.813037464800539
7164,2,170.57142857142858,47,47,11.979805470779858
6510,2,186.0,37,37,11.571203807011969
20976,2,262.2,15,16,12.691583538230217
10094,2,206.0,16,17,12.100161978566867
14147,2,202.1,0,0,12.52352951631214
10140,2,211.25,7,7,12.10625783509458
14688,3,229.5,4,5,12.54254845357358
9948,2,184.22222222222223,12,13,12.144202560946876
13748,2,218.22222222222223,32,32,12.230770136157428
4080,1,136.0,49,49,11.774527900858468
5040,1,144.0,1,54,11.80932691294063
4165,1,166.6,6,52,11.669937760751914
13872,3,216.75,0,0,12.669809806411457
11352,2,177.375,7,7,12.123239799036943
4470,2,149.0,5,41,11.775297421715827
8005,1,228.7142857142857,21,50,11.849404844423074
5200,1,148.57142857142858,47,47,11.803361242493628
6072,1,144.57142857142858,57,87,11.681832447342321
10864,3,194.0,0,1,12.268582547911404
3840,1,160.0,53,53,11.626263078808801
3490,0,139.6,1,62,11.678448377988165
10374,2,185.25,15,15,12.007017865994577
4020,2,167.5,54,54,11.652696102959753
10885,3,194.375,2,2,12.066816325306588
10710,3,191.25,3,3,12.464587201678082
13713,2,217.66666666666663,2,3,12.278397958261774
4680,2,187.2,27,27,11.849404844423074
7924,2,247.625,59,81,11.813037464800539
4870,0,162.33333333333334,15,16,11.445727410406752
13260,1,245.5555555555556,57,127,11.674202123168433
16160,2,224.44444444444449,14,14,12.386312871189734
9600,2,200.0,10,10,12.037659911047468
5916,1,164.33333333333334,57,81,11.532737896139919
7512,1,178.85714285714286,58,58,11.686887175419702
5100,0,145.71428571428572,14,135,11.451060699493427
9402,2,261.1666666666667,32,32,12.185875040240456
5835,2,166.71428571428572,57,87,11.87757552297847
4760,2,190.4,57,57,11.842236406331555
9340,2,186.8,33,33,12.193498926601634
22624,3,235.66666666666663,0,1,12.959540872420414
5030,0,167.66666666666666,49,49,11.289794413577894
3696,1,154.0,60,69,11.289794413577894
7880,1,175.11111111111111,56,78,11.91170829631447
7788,2,216.3333333333333,21,21,12.100717685412471
10948,1,195.5,59,68,12.069685751267224
7777,1,185.16666666666663,58,82,11.669082701743504
10374,2,185.25,21,89,11.870606902224587
5592,1,186.4,57,57,11.728044909070785
7330,2,209.42857142857144,47,47,11.917730355182513
10866,2,258.7142857142857,2,50,12.345838935721968
4896,1,136.0,1,78,11.699413330633599
12740,2,202.22222222222223,20,43,12.215037342290755
7185,2,205.28571428571428,3,31,12.292254928916668
6325,2,180.7142857142857,9,43,12.100161978566867
9198,2,187.7142857142857,1,2,12.345838935721968
12640,3,197.5,0,1,12.367889578686164
11256,2,208.44444444444449,34,34,12.128116509451258
8736,2,182.0,32,32,11.891368749982085
9840,2,205.0,2,54,12.319405795112926
4470,2,149.0,39,39,11.767575435251748
5032,2,179.71428571428572,39,39,11.59873612138334
7160,2,238.66666666666663,29,29,12.175618592671356
10514,2,187.75,0,0,12.359527368950229
13552,3,211.75,2,2,12.41044511731981
10026,2,208.875,6,6,12.06105265381003
12648,2,263.5,22,73,12.367345048436391
36270,3,329.72727272727275,10,11,13.345508528717259
6708,1,159.71428571428572,31,31,12.049424683420915
7566,2,180.14285714285714,50,50,12.001511614739405
8750,2,208.3333333333333,1,2,12.05467400868968
15430,0,237.3846153846154,13,61,12.208574513247495
14070,2,234.5,56,74,12.384223015005313
22976,2,287.2,7,15,12.560247968016562
4615,1,153.83333333333334,23,24,11.691080018519527
7344,1,204.0,5,83,11.652696102959753
6715,1,167.875,59,88,11.950541482162043
5620,0,187.3333333333333,52,52,11.440365524765756
17598,2,279.3333333333333,15,16,12.429220196836383
13216,2,275.3333333333333,0,0,12.880294363972055
5650,2,188.3333333333333,56,86,11.695255355062795
7860,3,262.0,44,44,12.137263685701864
6105,1,152.625,56,82,11.560772327227417
5097,2,212.375,39,109,11.461642696843066
12992,3,270.6666666666667,11,12,12.476103599529843
11620,2,207.5,7,7,12.180759965737863
12628,2,225.5,11,11,12.149507585033072
6488,4,202.75,32,46,12.031725210748633
11528,2,240.16666666666663,7,8,12.066816325306588
7360,1,210.28571428571428,13,82,11.736077016252437
7344,2,204.0,10,10,12.013706813470414
8112,1,169.0,41,41,11.970356641102999
8736,2,161.77777777777777,3,3,12.07824495582233
13041,3,186.3,0,0,12.29779001527865
11830,1,211.25,56,90,11.87757552297847
8484,2,173.14285714285714,8,8,12.08954444723597
5528,2,197.42857142857144,27,43,11.904974309480183
3456,1,144.0,36,36,11.6617850286409
12453,2,254.1428571428572,11,11,12.19552218463499
6740,1,224.66666666666663,12,84,11.669937760751914
11410,2,232.8571428571429,8,9,12.269052139516223
5370,2,153.42857142857142,31,31,11.941462360646149
15372,3,274.5,18,19,12.513193308436527
4224,1,176.0,40,40,11.580593459194764
10200,2,212.5,3,3,12.206077645517674
6415,2,183.28571428571428,28,46,11.849404844423074
13280,2,184.44444444444449,0,0,12.577639650232573
11070,2,205.0,18,18,12.149507585033072
14016,2,194.66666666666663,5,22,12.00762780434872
2688,1,134.4,59,68,11.635151947212842
3840,1,240.0,5,41,11.884495917930655
4995,1,142.71428571428572,44,44,11.80932691294063
4470,1,149.0,41,41,11.736077016252437
11412,2,211.3333333333333,32,32,11.626263078808801
10512,2,187.7142857142857,0,0,12.343470927093518
3648,0,228.0,56,59,11.296024885689746
7308,0,152.25,35,35,11.424105180165641
4560,1,152.0,42,42,11.652696102959753
6055,1,201.8333333333333,40,40,11.80560254159177
11076,1,230.75,57,58,11.870606902224587
10680,2,267.0,55,55,11.834291315386718
10430,2,165.55555555555554,3,4,12.122696471358964
6828,1,162.57142857142858,49,49,11.884495917930655
11598,3,193.3,1,1,12.273735966890268
4560,2,152.0,0,43,11.898194668458823
15318,3,212.75,0,0,12.813920618864572
7535,1,188.375,48,48,11.751950239425476
13100,2,201.53846153846155,30,30,12.154784614286667
5950,2,170.0,44,44,11.794345471549745
4896,2,174.85714285714286,45,45,11.530775206233024
5940,2,169.71428571428572,51,51,11.863589378812122
9820,0,245.5,58,97,11.775297421715827
8920,1,178.4,56,92,11.841423131921784
11382,2,232.28571428571428,7,7,12.075400019877522
13636,2,216.44444444444449,1,2,12.180759965737863
6846,2,163.0,1,1,11.86710429621008
11872,2,212.0,1,1,12.490879338036375
12376,2,196.44444444444449,5,5,12.323415584358154
11823,3,211.125,0,0,12.42250975887691
8211,2,167.57142857142858,36,36,12.04355959836804
20760,3,259.5,0,0,13.049794835104816
12136,2,189.625,56,77,12.345838935721968
11208,2,233.5,4,23,12.08954444723597
10871,2,221.8571428571429,0,1,12.136191879981927
6204,3,147.71428571428572,34,34,12.042971193457888
12348,2,228.66666666666663,58,91,11.771443882099637
4940,1,141.14285714285714,57,57,11.686887175419702
14770,2,234.44444444444449,42,42,12.404927602627597
9835,2,200.7142857142857,3,3,12.053801032483948
4370,1,145.66666666666666,41,41,11.775297421715827
15169,2,216.7,4,33,12.591338447675579
11592,2,207.0,4,5,12.016128107502665
8202,1,195.28571428571428,57,76,11.755879486687116
15896,2,248.375,14,14,12.616528611893463
4320,0,172.8,59,87,11.511934974596555
8162,2,194.3333333333333,3,3,12.154784614286667
6324,2,150.57142857142858,39,39,11.92504173829169
10050,2,209.375,10,10,12.10625783509458
5250,1,175.0,53,53,11.766799946849087
7152,1,198.66666666666663,20,52,11.992266613576142
10944,2,202.66666666666663,57,88,12.103491596905931
8022,2,222.8333333333333,9,10,12.10625783509458
10164,2,207.42857142857144,7,7,12.12215284831553
13223,1,188.9,57,97,11.711784520403112
18162,3,183.45454545454547,1,2,12.843973993864076
27576,3,287.25,11,73,12.850557278777309
7620,1,190.5,49,49,11.87757552297847
10668,2,304.8,31,31,12.468440756144114
8934,2,186.125,41,41,12.132162346145595
4675,1,155.83333333333334,41,41,11.827743504053695
8142,1,226.16666666666663,2,49,12.083910661257521
6250,2,138.88888888888889,4,97,11.842236406331555
9600,2,174.54545454545453,57,59,11.827743504053695
8370,2,199.28571428571428,37,37,11.995357787034976
10344,2,215.5,33,42,12.19552218463499
16248,2,253.875,6,6,12.37581963951765
4512,2,161.14285714285714,60,90,11.133142723386813
11011,2,224.7142857142857,7,7,12.33270970174018
9373,2,191.28571428571428,16,16,12.100717685412471
5200,2,173.33333333333334,1,32,11.921725007667265
10944,0,202.66666666666663,39,39,11.842236406331555
14682,1,222.45454545454547,20,91,12.037659911047468
8472,1,201.7142857142857,59,70,11.794345471549745
7968,2,189.7142857142857,47,47,11.870606902224587
7910,2,197.75,42,42,12.154784614286667
13272,2,276.5,9,9,12.535379989788607
15760,3,218.88888888888889,0,0,12.546113507028412
5760,2,164.57142857142858,46,46,12.103491596905931
6510,1,186.0,37,37,11.691080018519527
11860,1,197.66666666666663,44,117,11.58525542883217
11648,2,184.88888888888889,30,30,12.000897933306716
4320,2,144.0,16,51,11.652696102959753
5260,1,175.33333333333334,38,38,11.83863282480007
5640,2,161.14285714285714,45,45,11.951186847493476
6432,2,178.66666666666666,0,1,11.849404844423074
6230,1,178.0,16,51,11.944714374881176
13881,2,198.3,10,10,12.323860125621126
8964,1,186.75,59,67,12.086731521684555
20208,3,280.6666666666667,12,12,12.577639650232573
11312,3,202.0,1,1,12.354496960983985
11956,2,213.5,2,2,11.775297421715827
14868,2,236.0,2,3,12.691583538230217
9576,2,195.42857142857144,0,1,12.218500103788143
4950,2,165.0,14,15,11.835016210489899
5610,2,160.28571428571428,3,60,11.898194668458823
7764,2,184.8571428571429,17,17,12.09626335986454
13314,2,237.75,8,51,12.721888795877375
8918,2,182.0,0,2,12.220966184120165
22480,2,281.0,17,17,12.618185607609803
23391,3,236.27272727272728,11,11,12.716405147731708
3792,1,158.0,53,53,11.686887175419702
12672,2,211.2,39,39,12.239995696974733
13040,3,181.11111111111111,1,1,12.596403811053621
9464,2,225.3333333333333,0,1,12.249615734512616
14296,3,223.375,4,5,12.524530013005734
3792,1,158.0,53,53,11.6172944892629
8868,2,211.1428571428572,52,52,11.960817678718287
2160,1,144.0,58,59,11.19135563385109
13461,2,213.66666666666663,18,18,12.154784614286667
2832,0,118.0,59,69,11.320565693461432
14360,3,224.375,0,1,11.898194668458823
3184,0,132.66666666666666,58,86,10.915106645867503
2322,0,110.57142857142856,1,76,11.277215789596893
4080,1,136.0,0,26,11.779136168550774
16752,2,310.22222222222223,58,88,12.45293662970407
11424,2,181.3333333333333,8,8,12.081081821061819
12704,3,198.5,1,1,12.33270970174018
4770,2,136.28571428571428,30,30,11.794345471549745
3264,1,204.0,51,71,11.51293546492023
6800,1,194.28571428571428,11,68,11.74006900564972
6825,2,170.625,39,39,11.736077016252437
8004,2,190.57142857142856,32,32,12.031129798974042
8280,2,184.0,35,35,11.813037464800539
2772,0,138.6,56,65,10.868587496017359
13027,2,206.77777777777777,4,4,12.206077645517674
4320,1,144.0,34,34,11.763691965388299
3488,4,145.33333333333334,36,36,11.719947764402807
6684,2,159.14285714285714,4,5,11.951186847493476
17352,2,271.125,5,5,12.339295865674435
11478,2,191.3,59,81,12.083910661257521
10192,2,161.77777777777777,1,1,11.95655945119582
3840,1,160.0,57,87,11.59451466851004
15092,2,215.6,3,38,12.47801017053037
14208,3,222.0,0,1,12.554840409959793
10458,2,249.0,9,9,12.278397958261774
18864,0,262.0,21,136,11.711784520403112
13170,4,202.6153846153846,40,40,12.206077645517674
10296,2,190.66666666666663,46,46,12.049424683420915
7056,2,235.2,9,72,11.812296455066814
25904,3,323.8,14,15,12.923914877701906
13055,3,233.125,8,8,12.367345048436391
13440,2,213.3333333333333,14,38,12.04355959836804
4460,1,148.66666666666666,42,42,11.608244735642321
5390,2,154.0,2,39,11.917730355182513
9438,2,262.1666666666667,10,10,12.086731521684555
17820,3,220.0,1,2,12.660331092405906
13005,2,289.0,10,87,12.149507585033072
10710,2,191.25,4,4,12.468440756144114
6952,1,217.25,2,89,11.560772327227417
8472,2,201.7142857142857,0,1,11.963574241653713
8400,2,240.0,1,1,11.878630514504515
11718,2,209.25,10,10,12.283038316285214
12530,2,223.75,9,9,12.170450649220749
7375,1,210.7142857142857,29,29,11.751950239425476
5088,2,169.6,5,6,11.87757552297847
13344,2,185.3333333333333,7,7,12.354496960983985
5496,1,196.28571428571428,59,89,11.561725152903833
9966,1,184.5555555555556,12,53,12.016732516077072
14679,2,233.0,8,8,12.521981322562505
26330,3,292.55555555555554,5,6,13.05301544288996
13706,3,195.8,3,3,12.429220196836383
12568,3,196.375,0,0,12.384223015005313
4740,1,158.0,58,78,11.418625774449598
8020,2,229.1428571428572,49,68,11.669937760751914
5922,1,164.5,33,33,11.326607934898927
6970,2,174.25,1,2,12.02874460037869
2592,1,144.0,60,96,10.97679912709094
12702,2,264.625,38,38,12.377927112974284
12334,2,195.77777777777777,56,86,11.964007453736912
7080,2,177.0,0,89,11.626263078808801
7548,1,179.71428571428572,59,70,11.561725152903833
4616,1,144.25,3,88,11.74006900564972
19488,2,214.15384615384616,28,28,12.429220196836383
15156,1,229.63636363636363,57,91,11.820417517632333
15714,3,218.25,2,3,12.84132849667433
7308,2,174.0,57,66,11.782960235741939
10675,2,217.8571428571429,6,6,12.367345048436391
7920,3,176.0,42,42,11.728044909070785
4500,1,128.57142857142858,39,39,11.719947764402807
11472,2,239.0,8,103,12.001511614739405
10500,3,214.28571428571428,0,0,12.415437707935368
19856,3,248.2,1,2,12.546871224308068
8435,2,210.875,60,62,11.982935344196433
7565,1,168.11111111111111,3,87,11.83138646878959
9520,1,238.0,27,59,11.835016210489899
9648,1,201.0,19,84,11.831022768939789
6948,1,193.0,58,79,11.695255355062795
9558,2,177.0,4,4,12.170450649220749
9058,2,184.8571428571429,0,0,12.174994689959313
11712,3,209.1428571428572,0,0,12.552930054797935
3642,3,173.42857142857142,56,91,11.561725152903833
13168,2,274.3333333333333,3,4,12.524530013005734
3840,2,128.0,2,37,11.798111925972618
4165,0,138.83333333333334,24,24,11.626263078808801
5452,2,194.7142857142857,60,100,11.74006900564972
14651,2,261.625,17,22,12.278397958261774
12880,2,262.85714285714283,8,8,12.345838935721968
10008,1,238.28571428571428,4,59,11.849404844423074
4160,2,148.57142857142858,59,60,11.407576060361786
14752,2,230.5,3,4,12.456835254920371
11088,2,205.3333333333333,8,85,12.240478903153711
10983,3,196.125,2,2,12.077676615757813
9160,2,190.8333333333333,60,125,11.715874472198905
19600,3,306.25,11,11,12.73670383776449
5720,1,163.42857142857142,45,45,11.728044909070785
11064,2,230.5,37,37,12.314931534737134
8496,2,177.0,38,38,12.100161978566867
6414,2,213.8,33,33,11.755879486687116
5088,2,212.0,5,5,11.824087219587643
13206,2,244.5555555555556,40,40,12.524420916542532
6720,1,192.0,24,49,11.87757552297847
7512,2,156.5,49,49,11.863589378812122
14889,2,354.5,14,14,12.509877789891931
7790,1,222.57142857142856,58,63,11.849404844423074
4020,1,160.8,18,70,11.686887175419702
8640,2,180.0,26,26,12.116700301832573
9190,2,229.75,1,1,12.165984756488543
5748,2,159.66666666666666,33,33,11.87583791515714
3872,1,161.33333333333334,0,80,11.07443600653965
10752,2,199.11111111111111,8,8,12.136191879981927
5630,2,187.66666666666663,29,29,11.982935344196433
9222,2,192.125,3,46,12.066816325306588
3456,2,144.0,36,36,11.699413330633599
15456,3,241.5,0,0,12.885673487343764
7416,2,176.57142857142858,14,53,11.916395250412128
12075,2,246.42857142857144,28,28,12.190964083849375
15330,2,212.91666666666663,14,86,12.160033942617156
5088,2,212.0,4,4,11.913719681428494
20070,3,182.45454545454547,1,1,12.644330802262578
5712,1,190.4,59,93,11.703554089007538
9954,2,177.75,3,3,12.098493002763465
5478,1,130.42857142857142,41,41,11.767575435251748
5940,1,169.71428571428572,48,48,11.969723533345908
16720,2,232.22222222222223,11,12,12.388398368982115
5384,1,192.28571428571428,7,97,11.626263078808801
3150,0,157.5,36,36,11.429554725537322
8960,0,199.11111111111111,35,35,11.820417517632333
12624,3,197.25,0,1,12.567554517655415
5360,2,178.66666666666666,1,1,11.884495917930655
5700,0,162.85714285714286,0,0,11.344518647594766
8547,2,174.42857142857142,4,5,12.128116509451258
9882,2,205.875,7,8,12.07254696717504
12438,2,259.125,22,32,12.25486757159303
16380,1,234.0,4,69,12.493133274926212
5390,1,179.66666666666666,14,60,11.864469267087891
6280,1,179.42857142857142,43,43,11.901590234400047
