SalePrice,quality_area,GarageCars,area_per_room,renovation_age,house_age
208500,11970,2,190.0,5,5
181500,7572,2,180.28571428571428,31,31
223500,12502,2,255.14285714285717,6,7
140000,12019,3,214.625,36,91
250000,17584,3,219.8,8,8
143000,6810,2,227.0,14,16
307000,13552,2,211.75,2,3
200000,14630,2,261.25,36,36
129900,12418,2,197.11111111111111,58,77
118000,5385,1,179.5,58,69
129500,5200,1,173.33333333333334,43,43
345000,20916,3,193.66666666666663,0,1
144000,4560,1,182.4,46,46
279500,10458,3,186.75,0,1
157000,7518,1,208.83333333333331,48,48
132000,5978,2,142.33333333333334,6,78
149000,6024,2,167.33333333333334,40,40
90000,5184,2,185.14285714285717,39,39
159000,5570,2,159.14285714285714,4,4
139000,6695,1,191.28571428571428,44,51
325300,19008,3,237.6,0,1
139400,7756,1,158.28571428571428,57,77
230000,14360,2,224.375,6,6
129900,5300,2,151.42857142857142,31,31
154000,5300,1,151.42857142857142,9,42
256300,12800,3,200.0,2,2
134800,4500,2,150.0,10,59
306000,13632,3,213.0,2,3
207500,8000,1,228.57142857142856,9,49
68500,2080,1,104.0,58,81
40000,5268,1,188.14285714285717,58,88
149350,6140,1,175.42857142857142,2,42
179900,9872,2,154.25,1,1
165500,8500,2,242.8571428571429,51,51
277500,14049,2,223.0,2,2
309000,19616,3,245.2,1,2
145000,5485,2,156.71428571428572,14,15
153000,6485,2,216.16666666666663,19,55
109000,5285,1,176.16666666666666,3,57
82000,4608,0,164.57142857142858,53,53
160000,7944,2,189.14285714285717,41,41
170000,6640,1,221.33333333333331,48,48
144000,4420,2,147.33333333333334,24,24
130250,4690,1,156.33333333333334,28,33
141000,5750,1,164.28571428571428,47,47
319900,15768,2,250.28571428571428,5,5
239686,15043,2,307.0,6,6
249700,13248,3,207.0,1,1
113000,5808,0,161.33333333333334,1,89
127000,4775,1,136.42857142857142,41,41
177000,8820,2,210.0,10,10
114500,7056,2,168.0,56,72
110000,4080,2,136.0,47,47
385000,16578,3,307.0,19,25
130000,6800,2,194.28571428571428,52,52
180500,8550,2,178.125,44,44
172500,13912,2,217.375,9,10
196500,12040,2,215.0,2,2
438780,29450,3,267.72727272727275,0,0
124900,3900,1,156.0,36,36
158000,6948,2,193.0,2,2
101000,5555,1,158.71428571428572,11,87
202500,10960,2,195.7142857142857,1,1
140000,11970,2,171.0,60,89
219500,14238,2,226.0,11,12
317000,19784,3,247.3,2,3
180000,15449,2,275.875,21,40
226000,10353,2,184.875,4,4
80000,2988,1,149.4,60,65
225000,16009,2,285.875,53,53
244000,15561,2,247.0,34,34
129500,3380,2,169.0,1,25
185000,12026,2,214.75,11,11
144900,5430,2,155.14285714285714,7,56
107400,4815,1,178.33333333333334,60,95
91000,3952,1,164.66666666666666,36,36
135750,3808,1,190.4,52,52
127000,6425,1,183.57142857142856,7,60
136500,7072,0,196.44444444444449,42,42
110000,6150,2,205.0,28,99
193500,12852,1,238.0,41,41
153500,8022,2,222.83333333333331,8,8
245000,12504,3,223.28571428571428,1,1
126500,5325,2,152.14285714285714,47,47
168500,10318,2,184.25,13,14
260000,19336,2,241.7,14,15
174000,9360,2,222.8571428571429,4,4
164500,7344,2,244.8,0,0
85000,4578,0,218.0,27,94
123600,3960,0,165.0,12,13
109900,4160,2,208.0,56,56
98600,6175,2,176.42857142857142,45,45
163500,4820,2,160.66666666666666,3,88
133900,13746,2,229.1,9,97
204750,10716,2,223.25,10,10
185000,8820,2,210.0,16,16
214000,11116,2,226.8571428571429,7,7
94750,3840,1,137.14285714285714,42,42
83000,4175,1,139.16666666666666,60,90
128950,4900,0,175.0,51,51
205000,9660,2,230.0,9,33
178000,10392,2,216.5,25,25
118964,7675,2,170.55555555555554,30,30
198900,8582,3,175.14285714285714,1,1
169500,12726,1,227.25,57,76
250000,15936,2,199.2,4,5
100000,4188,1,149.57142857142858,12,122
115000,3945,1,131.5,58,60
115000,7585,0,189.625,2,88
190000,11064,2,230.5,33,33
136900,11130,1,231.875,34,52
180000,10010,2,178.75,10,10
383970,18872,3,245.0909090909091,0,0
217000,13554,2,282.375,54,54
259500,13920,1,232.0,5,62
176000,8748,2,243.0,8,8
139000,5460,1,156.0,47,47
155000,5625,2,187.5,0,1
320000,22554,3,268.5,20,20
163990,8736,2,161.77777777777777,0,1
180000,5928,2,197.6,37,37
100000,4492,1,224.6,57,68
136000,6480,1,180.0,50,50
153900,7194,2,199.83333333333331,15,15
181000,9516,2,198.25,11,30
84500,4524,0,125.66666666666669,24,71
128000,5748,2,159.66666666666666,31,31
87000,4200,0,140.0,57,77
155000,8088,2,192.57142857142856,40,40
150000,5265,2,150.42857142857142,15,48
226000,15099,2,239.66666666666663,40,40
244000,12324,2,256.75,9,9
150750,6635,2,165.875,5,48
220000,10368,2,185.14285714285717,7,8
180000,8605,2,215.125,13,38
174000,11774,2,210.25,38,38
143000,6070,1,202.33333333333331,40,40
171000,13713,3,195.9,17,18
230000,14816,3,231.5,8,9
231500,10584,2,220.5,12,12
115000,3456,0,144.0,39,39
260000,12138,2,216.75,1,1
166000,6925,2,197.8571428571429,58,58
204000,10507,2,214.42857142857144,10,10
125000,8640,2,157.0909090909091,43,43
130000,10254,2,213.625,0,2
105000,4375,1,145.83333333333334,16,78
222500,14245,2,226.11111111111111,9,9
141000,7560,0,154.28571428571428,3,4
115000,6720,1,168.0,56,70
122000,4845,2,161.5,32,32
372402,13680,3,244.28571428571428,0,1
190000,11958,2,221.44444444444449,35,35
235000,7512,2,250.4,33,48
125000,7200,1,150.0,56,83
79000,6576,0,182.66666666666663,58,84
109500,5200,2,173.33333333333334,56,56
269500,15744,3,218.66666666666663,0,1
254900,13629,2,216.33333333333331,5,6
320000,17234,2,246.2,0,1
162500,7392,2,176.0,24,24
412500,24012,3,242.54545454545453,4,5
220000,10787,2,192.625,5,5
103200,3528,0,176.4,51,51
152000,9696,1,269.3333333333333,3,81
127500,6775,0,193.57142857142856,9,68
190000,9335,1,233.375,16,54
325624,17288,3,240.11111111111111,0,0
183500,12040,2,215.0,3,3
228000,13656,2,243.8571428571429,25,25
128500,6910,2,172.75,57,66
215000,9936,2,207.0,50,50
239000,12369,2,294.5,19,19
163000,8172,2,194.57142857142856,47,47
184000,9906,2,206.375,22,22
243000,12948,2,269.75,6,57
211000,12360,2,228.88888888888889,18,19
172500,9600,2,213.33333333333331,48,48
501837,20106,3,223.4,0,1
100000,4840,2,161.33333333333334,1,84
177000,9150,2,254.16666666666663,7,7
200100,12614,1,180.2,56,86
120000,6700,1,167.5,1,50
200000,14574,2,297.42857142857144,5,5
127000,6260,2,208.66666666666663,15,98
475000,36080,3,277.53846153846155,13,114
173000,8519,2,173.85714285714286,18,19
135000,8280,1,184.0,22,93
153337,6120,2,174.85714285714286,30,30
286000,12744,2,265.5,6,7
315000,21816,2,247.9090909090909,13,75
184000,10353,2,184.875,3,35
192000,10017,2,204.42857142857144,10,10
130000,11963,2,213.625,2,2
127000,4320,1,144.0,36,36
148500,8736,2,182.0,33,33
311872,12082,3,191.77777777777777,0,0
235000,24896,2,345.77777777777777,16,88
104000,13374,0,247.66666666666663,59,97
274900,13704,3,214.125,4,5
140000,4484,2,186.83333333333331,6,7
171500,7674,2,182.7142857142857,31,31
112000,7860,1,187.14285714285717,56,82
149000,5088,2,212.0,4,4
110000,6420,1,214.0,59,62
180500,10094,2,240.33333333333331,19,19
143900,8480,1,188.44444444444449,45,45
141000,4400,1,157.14285714285714,48,48
277000,14434,2,257.75,18,19
145000,6552,2,156.0,44,44
98000,4320,0,144.0,58,83
186000,7272,2,173.14285714285714,1,1
252678,12964,2,231.5,0,0
156000,4950,2,165.0,11,11
161750,8352,1,198.8571428571429,33,33
134450,6180,1,176.57142857142858,10,49
210000,10052,2,159.55555555555554,4,4
107000,5312,1,147.55555555555554,56,81
311500,13678,2,217.11111111111111,2,69
167240,8736,2,208.0,0,1
204900,10486,2,249.66666666666663,0,0
200000,13602,2,251.88888888888889,7,7
179900,9312,2,221.7142857142857,31,31
97000,3456,2,172.8,38,38
386250,23920,3,265.77777777777777,6,6
112000,6510,1,186.0,38,38
290000,17640,3,252.0,12,12
106000,5922,1,164.5,38,38
125000,4560,1,152.0,43,43
192500,10885,2,194.375,3,4
148000,7164,1,170.57142857142858,51,51
403000,22352,3,279.4,13,14
94500,5922,1,164.5,34,34
128200,4470,1,149.0,34,34
216500,11760,2,217.77777777777777,8,8
89500,5922,1,164.5,37,37
185500,9898,2,202.0,6,6
194500,12208,2,218.0,7,17
318000,13552,3,211.75,0,0
113000,8922,1,185.875,60,65
262500,12528,2,195.75,2,2
110500,4330,0,173.2,10,62
79000,7200,1,205.7142857142857,56,106
120000,7302,1,173.85714285714286,29,29
205000,14770,2,234.44444444444449,8,16
241500,13104,2,267.42857142857144,18,18
137000,11568,1,192.8,56,96
140000,8250,2,229.16666666666663,52,52
180000,11676,2,185.33333333333331,4,4
277000,12864,2,268.0,1,49
76500,3918,0,186.57142857142856,44,70
235000,13000,2,270.8333333333333,0,1
173000,9840,2,234.28571428571428,4,4
158000,7812,1,162.75,16,43
145000,6570,1,219.0,53,53
230000,16037,2,254.55555555555557,7,7
207500,10368,2,216.0,5,5
220000,11228,2,178.22222222222223,3,3
231500,12544,2,224.0,7,7
97000,4410,1,176.4,52,52
176000,8292,2,197.42857142857144,47,47
276000,20592,3,234.0,0,0
151000,7272,2,173.14285714285714,11,29
130000,6580,2,188.0,9,81
73000,3820,2,152.8,4,83
175500,8532,2,177.75,27,27
185000,9066,2,167.88888888888889,9,9
179500,10960,1,243.55555555555557,11,69
120500,3890,1,155.6,53,68
148000,6678,1,159.0,31,31
266000,15512,3,215.44444444444449,0,0
241500,9541,2,227.16666666666663,3,54
290000,18160,3,227.0,3,11
139000,9792,1,233.14285714285717,21,51
124500,4080,1,136.0,25,25
205000,10836,2,258.0,2,84
201000,10920,2,195.0,7,7
141000,3456,2,172.8,59,59
415298,19089,3,235.66666666666663,0,1
192000,14154,2,224.66666666666663,31,31
228500,13874,2,247.75,18,18
185000,7572,2,210.33333333333331,0,0
207500,9198,2,187.7142857142857,1,2
244600,11744,3,209.7142857142857,0,1
179200,9450,2,262.5,15,15
164700,8750,2,208.33333333333331,0,1
159000,10404,2,216.75,25,44
88000,3432,0,143.0,35,35
122000,4500,1,150.0,43,43
153575,8376,1,174.5,4,92
233230,15352,2,213.22222222222223,0,0
135900,8580,0,171.6,8,96
131000,8580,1,190.66666666666663,1,60
235000,15841,2,226.3,12,29
167000,9864,2,205.5,56,56
142500,6018,2,143.28571428571428,22,22
152000,7790,1,222.57142857142856,57,57
239000,13650,2,243.75,9,10
175000,10458,2,217.875,39,39
158500,6912,1,164.57142857142858,5,59
157000,6680,1,222.66666666666663,53,53
267000,19616,2,245.2,8,9
205000,10787,3,220.14285714285717,4,5
149900,4470,2,149.0,34,34
295000,24451,3,317.54545454545456,6,128
305900,16000,3,222.22222222222223,2,3
225000,15701,3,249.22222222222223,16,17
89500,8436,0,200.8571428571429,58,88
82500,3444,2,172.2,59,69
360000,17496,3,216.0,2,3
165600,9006,2,214.42857142857144,12,13
132000,5832,1,162.0,7,61
119900,5590,2,186.33333333333331,56,67
375000,14252,2,226.22222222222223,44,44
178000,11487,2,234.42857142857144,16,81
188500,10024,2,204.57142857142856,4,5
260000,16471,2,213.9090909090909,29,29
270000,15672,3,217.66666666666663,1,1
260000,18522,3,264.6,16,16
187500,10304,2,210.28571428571428,29,29
342643,23364,3,259.6,0,0
354000,19744,3,224.3636363636364,3,3
301000,19110,2,303.3333333333333,20,21
126175,3489,1,166.14285714285714,1,51
242000,20846,2,248.16666666666663,3,43
87000,4015,2,133.83333333333334,57,66
324000,13752,2,245.57142857142856,15,15
145250,8298,1,172.875,46,46
214500,12804,2,194.0,15,93
78000,5960,1,170.28571428571428,59,89
119000,8640,1,157.0909090909091,43,43
139000,5280,1,150.85714285714286,15,49
284000,13032,3,203.625,5,6
207000,9506,2,194.0,4,4
192000,9828,2,204.75,10,10
228950,8930,2,223.25,43,43
377426,17298,3,213.55555555555557,1,2
214000,10752,2,192.0,5,6
202500,11347,2,180.11111111111111,8,22
155000,7290,1,173.57142857142858,11,51
202900,15264,2,190.8,8,8
82000,3364,1,168.2,59,59
87500,3120,2,148.57142857142858,56,57
266000,15156,2,240.57142857142856,3,3
85000,5560,1,222.4,34,34
140200,9462,1,225.28571428571428,56,67
151500,5748,1,159.66666666666666,9,47
157500,8868,2,211.14285714285717,49,49
154000,11382,2,232.28571428571428,4,5
437154,24552,3,248.0,0,1
318061,16821,2,267.0,0,0
190000,10171,2,207.57142857142856,20,20
95000,5555,1,185.16666666666663,58,67
105900,4320,2,120.0,7,82
140000,9570,1,227.8571428571429,6,66
177500,7200,2,171.42857142857142,12,12
173000,7002,2,166.71428571428572,17,17
134000,5710,2,163.14285714285714,31,31
130000,6760,1,193.14285714285717,48,48
280000,15392,2,240.5,8,8
156000,5472,2,152.0,29,29
145000,7525,1,167.22222222222223,26,68
198500,13454,2,240.25,6,6
118000,5922,1,164.5,2,37
190000,9444,2,224.8571428571429,30,30
147000,6720,1,192.0,12,89
159000,8364,2,199.14285714285717,46,46
165000,8586,1,204.42857142857144,46,46
132000,6340,1,158.5,56,56
162000,6435,2,160.875,4,51
172400,9984,2,208.0,6,6
134432,6352,2,198.5,49,49
125000,4512,1,150.4,26,26
123000,6595,1,219.83333333333331,56,56
219500,13496,2,214.22222222222223,3,4
61000,904,0,180.8,59,87
148000,4570,2,152.33333333333334,10,10
340000,19728,2,274.0,2,3
394432,16704,3,206.22222222222223,0,0
179000,10800,2,225.0,9,9
127000,8455,1,241.57142857142856,60,86
187750,9107,2,216.83333333333331,0,0
213500,12579,2,199.66666666666663,1,1
76000,4704,2,130.66666666666666,59,81
240000,11718,2,195.3,15,15
192000,10152,2,181.28571428571428,5,6
81000,5920,0,131.55555555555554,10,96
125000,6750,1,160.71428571428572,33,33
191000,10353,2,211.28571428571428,8,9
426000,23320,3,233.2,0,1
119000,6835,1,170.875,58,108
215000,11766,2,245.125,7,8
106500,4410,1,147.0,48,48
100000,3152,0,157.6,56,65
109000,5170,1,172.33333333333334,57,67
129000,5720,1,163.42857142857142,54,54
123000,4470,2,127.71428571428572,37,37
169500,9060,1,201.33333333333331,45,45
67000,5385,1,153.85714285714286,57,87
241000,10850,2,193.75,2,3
245500,10304,2,257.6,12,12
164990,9170,2,187.14285714285717,1,1
108000,3360,1,134.4,11,68
258000,18104,2,205.72727272727272,8,8
168000,9432,2,196.5,11,12
150000,6480,2,180.0,16,33
115000,9834,1,234.14285714285717,58,72
177000,10080,1,186.66666666666663,32,93
280000,15204,3,217.2,1,1
339750,16624,3,230.88888888888889,0,1
60000,6380,1,212.66666666666663,51,51
145000,5280,2,176.0,51,51
222000,10346,2,184.75,1,1
115000,5140,2,171.33333333333334,60,83
228000,14679,3,209.7,15,15
181134,9380,2,191.42857142857144,0,0
149500,8400,2,200.0,28,28
239000,15744,3,238.54545454545453,57,89
126000,5670,1,141.75,57,67
142000,5280,1,150.85714285714286,42,42
206300,9408,4,149.33333333333334,10,11
215000,9612,2,178.0,9,32
113000,4940,2,197.6,54,54
315000,21040,3,292.22222222222223,10,10
139000,7176,1,170.85714285714286,52,52
135000,9723,1,198.42857142857144,17,63
275000,11508,2,274.0,20,20
109008,3628,1,151.16666666666666,51,51
195400,8456,2,172.57142857142858,0,0
175000,8472,2,201.7142857142857,21,21
85400,5922,1,197.4,37,37
79900,7188,0,149.75,10,88
122500,6825,2,195.0,36,36
181000,9624,2,200.5,10,11
81000,2520,0,157.5,36,36
212000,11627,2,237.28571428571428,13,13
116000,6708,2,159.71428571428572,56,86
119000,5424,1,180.8,5,83
90350,3470,1,138.8,5,94
110000,7176,2,149.5,9,89
555000,24020,3,218.3636363636364,1,1
118000,5760,0,160.0,53,53
162900,7865,2,174.77777777777777,16,78
172500,8806,3,179.71428571428572,0,1
210000,13356,2,212.0,13,14
127500,10134,2,211.125,53,53
190000,11328,2,269.7142857142857,8,44
199900,13202,2,171.45454545454547,7,8
119500,8256,1,172.0,56,69
120000,3549,1,169.0,5,59
110000,4878,1,135.5,1,76
280000,10731,2,255.5,31,31
204000,10536,2,219.5,10,11
210000,12720,2,227.14285714285717,1,1
188000,8640,2,192.0,30,30
175500,8694,2,177.42857142857142,34,34
98000,6720,3,168.0,58,92
256000,6652,2,237.57142857142856,14,54
161000,13328,1,208.25,12,83
110000,6015,1,200.5,59,59
263435,15480,2,215.0,0,0
155000,7945,2,162.14285714285714,2,73
62383,4320,1,144.0,44,44
188700,9960,1,237.14285714285717,13,74
124000,5200,0,173.33333333333334,31,31
178740,9898,2,202.0,2,2
167000,8939,2,212.83333333333331,37,37
146500,8220,1,205.5,12,65
250000,13072,3,204.25,1,1
187000,10260,2,213.75,15,15
212000,12016,2,300.4,25,25
190000,13783,2,218.77777777777777,30,30
148000,6432,2,178.66666666666666,3,3
440000,15808,3,247.0,0,1
251000,13216,2,236.0,7,7
132500,4850,2,161.66666666666666,44,44
208900,8958,2,186.625,10,11
380000,23787,3,264.3,1,1
297000,13744,3,214.75,1,2
89471,4524,2,141.375,7,70
326000,16650,3,205.55555555555557,1,2
374000,16128,3,256.0,2,3
155000,12782,1,228.25,4,94
164000,7296,2,202.66666666666663,8,8
132500,4995,1,142.71428571428572,6,45
147000,5565,1,185.5,2,59
156000,5365,2,153.28571428571428,42,42
175000,7420,2,185.5,36,36
160000,12070,2,219.45454545454547,36,106
86000,2520,1,157.5,7,39
115000,6520,1,260.8,32,32
133000,9468,1,263.0,56,65
172785,8736,2,161.77777777777777,0,0
155000,6345,1,181.28571428571428,48,48
91300,4430,1,177.2,13,71
34900,2880,0,144.0,59,89
430000,25824,2,293.45454545454544,14,15
184000,12740,1,202.22222222222223,58,83
130000,4495,1,149.83333333333334,5,42
120000,4560,1,152.0,22,49
113000,7308,1,152.25,34,34
226700,12376,2,221.0,3,3
140000,6070,2,173.42857142857142,42,42
289000,12607,2,257.2857142857143,13,51
147000,7932,2,188.8571428571429,35,35
124500,9800,2,178.1818181818182,57,57
215000,15288,2,212.33333333333331,12,13
208300,7308,2,243.6,0,0
161000,9646,2,172.25,3,80
124500,5205,1,148.71428571428572,50,50
164900,6815,1,194.7142857142857,9,58
202665,9576,2,195.42857142857144,0,1
129900,4320,2,144.0,48,48
134000,6480,2,180.0,24,24
96500,3945,1,131.5,57,81
402861,20200,3,202.0,0,0
158000,12714,2,264.875,37,37
265000,16408,3,293.0,12,13
211000,10776,2,224.5,9,9
234000,14560,1,208.0,5,83
106250,5176,0,161.75,8,108
150000,7464,1,177.71428571428572,50,50
159000,9984,2,208.0,56,59
315750,16786,3,266.44444444444446,10,11
176000,8862,2,180.8571428571429,1,1
132000,4640,1,185.6,7,51
446261,24417,3,226.08333333333331,0,0
86000,2420,0,100.83333333333331,5,87
200624,15090,2,251.5,32,50
175000,9054,2,251.5,19,20
128000,8172,2,194.57142857142856,9,88
107500,4135,1,137.83333333333334,3,55
39300,334,0,111.33333333333331,57,61
178000,11312,2,202.0,2,2
107500,6735,0,224.5,17,98
188000,12068,2,191.55555555555557,9,10
111250,3456,2,144.0,36,36
158000,5795,1,144.875,38,38
272000,12808,2,228.7142857142857,8,9
315000,16542,3,204.22222222222223,3,3
248000,18280,3,253.88888888888889,7,7
213250,11760,2,210.0,10,11
133000,5369,1,153.4,9,9
179665,10472,2,187.0,0,0
229000,15281,3,218.3,18,18
210000,9810,2,233.57142857142856,57,84
129500,3840,2,128.0,37,37
125000,4125,2,165.0,13,53
263000,14658,2,232.66666666666663,5,6
140000,6414,2,213.8,31,31
112500,4640,1,154.66666666666666,51,51
255500,13736,3,214.625,3,3
108000,4504,2,187.66666666666663,6,60
284000,14322,3,227.33333333333331,4,5
113000,5240,1,174.66666666666666,56,84
141000,5460,1,156.0,49,49
108000,5344,1,167.0,56,86
175000,10122,2,206.57142857142856,11,12
234000,10899,2,194.625,2,3
121500,6960,2,232.0,14,53
170000,6945,2,198.42857142857144,31,32
108000,4980,0,142.28571428571428,39,68
185000,10044,2,186.0,58,90
268000,16065,2,229.5,6,14
128000,9882,1,235.28571428571428,60,95
325000,22536,3,208.66666666666663,1,3
214000,10745,2,191.875,6,6
316600,17056,2,355.3333333333333,0,26
135960,4715,2,188.6,27,27
142600,8640,2,157.0909090909091,43,43
120000,5184,1,172.8,47,47
224500,11844,2,241.7142857142857,0,0
170000,10010,2,158.88888888888889,7,7
139000,5545,1,184.83333333333331,2,36
118500,6080,1,173.71428571428572,58,61
145000,10339,1,211.0,59,81
164500,6600,2,188.57142857142856,40,40
146000,9744,2,232.0,1,1
131500,8975,1,224.375,54,54
181900,8574,2,178.625,20,47
253293,16336,3,226.88888888888889,0,1
118500,4896,0,136.0,17,17
325000,27750,2,277.5,8,115
133000,6292,1,224.7142857142857,14,74
369900,16224,3,253.5,0,1
130000,5028,1,139.66666666666666,8,90
137000,4300,2,172.0,27,27
143000,7365,1,245.5,6,41
79500,4675,1,187.0,48,78
185900,11074,2,226.0,4,4
451950,22960,3,208.72727272727272,1,1
138000,4080,2,163.2,5,26
140000,5088,2,169.6,6,6
110000,4620,1,154.0,33,33
319000,14608,3,228.25,0,1
114504,8208,1,171.0,13,96
194201,9814,3,175.25,0,1
217500,8235,2,205.875,29,29
151000,9336,2,222.28571428571428,28,28
275000,15232,2,211.55555555555557,1,1
141000,8250,1,196.42857142857144,57,70
220000,15320,2,212.77777777777777,14,14
151000,8400,2,240.0,5,6
221000,10458,2,213.42857142857144,6,6
205000,13902,2,248.25,19,44
152000,5200,2,148.57142857142858,13,13
225000,10040,1,223.11111111111111,4,58
359100,25552,2,290.3636363636364,9,73
118500,4116,1,171.5,46,46
313000,19377,3,239.22222222222223,9,9
148000,6192,2,147.42857142857142,29,29
261500,14976,2,234.0,8,8
147000,5600,0,160.0,0,0
75500,2520,0,157.5,38,38
137500,6324,2,150.57142857142858,47,47
183200,9054,2,188.625,3,4
105500,4992,2,166.4,54,54
314813,16452,3,182.8,0,0
305000,18096,3,205.63636363636363,5,5
67000,2592,0,144.0,58,94
240000,15684,2,261.4,11,34
135000,4900,2,140.0,32,32
168500,9072,2,302.4,7,7
165150,10740,2,198.88888888888889,34,34
160000,6696,2,186.0,48,48
139900,7110,1,203.14285714285717,29,47
153000,9120,1,190.0,38,55
135000,10400,2,208.0,38,38
168500,8100,2,192.8571428571429,44,44
124000,8750,1,194.44444444444449,15,126
209500,12432,2,222.0,1,1
82500,9877,2,201.57142857142856,32,32
139400,5280,1,150.85714285714286,2,53
144000,6336,2,211.2,30,30
200000,20370,0,226.33333333333331,12,93
60000,1600,0,160.0,59,73
93000,6935,1,173.375,55,55
85000,3980,0,159.2,58,98
264561,12536,3,195.875,0,0
274000,12144,2,216.8571428571429,4,5
226000,13503,2,241.125,6,6
345000,21632,2,270.4,14,37
152000,8100,2,202.5,38,38
370878,15894,3,220.75,0,0
143250,5886,2,163.5,36,36
98300,5240,2,131.0,58,58
155000,6564,2,182.33333333333331,55,55
155000,11034,2,229.875,44,44
84500,2520,0,157.5,37,37
205950,11655,2,208.125,1,1
108000,6040,1,188.75,59,69
191000,12012,2,214.5,13,13
135000,8814,1,183.625,13,102
350000,16904,3,264.125,13,13
88000,6552,1,156.0,39,39
145500,5265,1,175.5,2,49
149000,10514,1,214.57142857142856,8,77
97500,8748,1,208.28571428571428,60,62
167000,7430,2,185.75,10,45
197900,13545,2,241.875,31,31
402000,19584,3,272.0,4,15
110000,8352,2,232.0,41,41
137500,4724,2,168.71428571428572,36,36
423000,16776,3,233.0,0,1
230500,15488,2,242.0,6,6
129000,14280,2,297.5,28,42
193500,10074,2,209.875,10,14
168000,7185,2,205.28571428571428,19,50
137500,4720,1,196.66666666666663,56,84
173500,8856,2,184.5,4,4
103600,8214,1,195.57142857142856,59,84
165000,7248,2,172.57142857142858,29,29
257500,11034,2,229.875,3,50
140000,6816,1,189.33333333333331,43,43
148500,8646,2,180.125,31,31
87000,7096,3,197.11111111111111,56,106
109500,3960,1,132.0,3,85
372500,16368,3,255.75,1,1
128500,4940,2,164.66666666666666,46,46
143000,5538,1,153.83333333333334,30,30
159434,7600,1,217.14285714285717,9,77
173000,7746,2,184.42857142857144,11,12
285000,15012,3,208.5,5,5
221000,12873,2,229.875,12,12
207500,14630,2,298.57142857142856,23,23
227875,12327,2,220.125,0,0
148800,7714,2,220.4,3,3
392000,11352,2,177.375,0,0
194700,8172,2,194.57142857142856,1,2
141000,5088,2,212.0,4,4
335000,17633,2,251.9,16,17
108480,5365,1,214.6,38,85
141500,7695,2,256.5,59,73
176000,6822,2,189.5,19,19
89000,3080,1,123.2,56,85
123500,5740,1,164.0,54,54
138500,4470,1,149.0,1,45
196000,9737,2,231.83333333333331,4,4
312500,14400,3,225.0,4,4
140000,8148,2,166.28571428571428,37,37
361919,20608,3,234.1818181818182,0,0
140000,9060,2,201.33333333333331,14,110
213000,10388,2,185.5,5,6
55000,4368,0,136.5,60,80
302000,12768,2,304.0,5,36
254000,10592,2,189.14285714285717,3,3
179540,10192,2,161.77777777777777,0,0
109900,4520,1,129.14285714285714,42,42
52000,2187,0,121.5,5,73
102776,4712,1,147.25,60,110
189000,9824,2,204.66666666666663,19,20
129000,3840,2,137.14285714285714,36,36
130500,8874,2,211.28571428571428,5,34
165000,8100,2,168.75,35,35
159500,17878,2,283.77777777777777,9,117
157000,5890,2,196.33333333333331,8,35
341000,16926,3,241.8,14,15
128500,4855,1,161.83333333333334,37,37
275000,13936,2,290.3333333333333,21,21
143000,5088,2,212.0,6,6
124500,3456,2,144.0,39,39
135000,5880,1,183.75,36,54
320000,15282,3,188.66666666666663,1,2
120500,3456,2,144.0,39,39
222000,10080,2,280.0,2,21
194500,8624,2,176.0,2,2
110000,8880,3,177.6,51,51
103000,4832,2,201.33333333333331,59,84
236500,12928,2,269.3333333333333,14,15
187500,8022,2,163.71428571428572,4,4
222500,14217,2,225.66666666666663,9,10
131400,5720,1,163.42857142857142,26,48
108000,4740,1,135.42857142857142,39,39
163000,12376,2,252.57142857142856,36,92
93500,3120,2,148.57142857142858,56,56
239900,14408,3,200.11111111111111,1,1
179000,6000,0,200.0,21,22
190000,12096,2,216.0,5,5
132000,7160,2,179.0,5,97
142000,5472,1,152.0,12,47
179000,9443,2,192.7142857142857,6,7
175000,7320,2,209.14285714285717,10,46
180000,10696,2,222.83333333333331,15,15
299800,21720,2,226.25,12,32
236000,15792,2,250.66666666666663,9,9
265979,18480,4,293.3333333333333,6,129
260400,12040,2,215.0,14,14
98000,6116,1,152.9,59,64
96500,4560,0,142.5,6,100
162000,9240,2,188.57142857142856,4,4
217000,8964,2,213.42857142857144,9,9
275500,16784,3,233.11111111111111,1,1
156000,6156,2,171.0,4,40
172500,8826,2,210.14285714285717,10,10
212000,14144,2,221.0,2,2
158900,8316,2,198.0,32,32
179400,10507,2,214.42857142857144,9,9
290000,20248,3,253.1,12,12
127500,5184,1,144.0,50,50
100000,6505,2,216.83333333333331,59,85
215200,10829,2,193.375,1,1
337000,18920,3,262.77777777777777,10,10
270000,11952,2,213.42857142857144,10,11
264132,13554,2,215.14285714285717,0,0
196500,11998,2,214.25,22,22
160000,10500,1,218.75,23,68
216837,12852,2,204.0,1,2
538000,26232,3,252.23076923076923,7,7
134900,4290,2,143.0,27,27
102000,4880,2,174.28571428571428,55,55
107000,6702,2,159.57142857142858,34,34
114500,4560,1,152.0,49,49
395000,15784,3,197.3,1,1
162000,7224,2,200.66666666666663,11,11
221500,11298,3,201.75,0,1
142500,4470,2,149.0,32,32
144000,10100,2,183.63636363636363,30,30
135000,6024,2,200.8,29,29
176000,8771,2,179.0,11,12
175900,9618,2,200.375,14,14
187100,10010,2,204.28571428571428,7,8
165500,5550,2,222.0,31,31
128000,8904,0,148.4,7,94
161500,8052,2,167.75,42,42
139000,8260,1,206.5,60,95
233000,14588,2,231.55555555555557,6,6
107900,3604,1,180.2,8,54
187500,12522,2,208.7,0,41
160200,8015,2,190.83333333333331,3,4
146800,6372,2,177.0,31,31
269790,14091,2,223.66666666666663,10,11
225000,11968,2,187.0,0,0
194500,13265,2,236.875,12,14
171000,9384,2,195.5,29,30
143500,7710,2,160.625,30,30
110000,3865,1,154.6,55,55
485000,28260,3,261.6666666666667,0,1
175000,8840,1,221.0,57,70
200000,10128,2,187.55555555555557,11,11
109900,4784,2,199.33333333333331,17,91
189000,10192,2,182.0,3,3
582933,25398,3,217.07692307692307,0,1
118000,5640,1,188.0,52,52
227680,9996,2,204.0,0,0
135500,4900,1,140.0,39,39
223500,7880,2,225.14285714285717,5,86
159950,5430,2,155.14285714285714,40,40
106000,10690,2,178.16666666666666,44,111
181000,7854,2,218.16666666666663,7,32
144500,5088,2,169.6,4,4
55993,5220,2,208.8,58,58
157900,8652,1,180.25,49,49
116000,6250,1,156.25,56,88
224900,11627,2,237.28571428571428,12,12
137000,5040,1,201.6,52,52
271000,13512,3,211.125,6,6
155000,6312,2,150.28571428571428,39,39
224000,9506,2,194.0,0,1
183000,11480,2,234.28571428571428,5,5
93000,3744,2,187.2,56,56
225000,12131,2,216.625,4,4
139500,8934,1,186.125,59,69
232600,11912,2,186.125,0,0
385000,20840,3,260.5,0,1
109500,3920,0,130.66666666666666,58,84
189000,10038,2,204.8571428571429,8,8
185000,10630,2,265.75,42,42
147400,8561,2,244.6,1,1
166000,8352,2,198.8571428571429,51,51
151000,8400,2,240.0,1,1
237000,12803,2,228.625,7,7
167000,9096,2,216.57142857142856,45,45
139950,5720,2,163.42857142857142,47,47
128000,4268,2,213.4,15,60
153500,7795,2,259.8333333333333,34,59
100000,5922,1,164.5,35,35
144000,5495,1,157.0,2,13
130500,6000,1,171.42857142857142,13,62
140000,8892,1,185.25,58,83
157500,7695,2,171.0,6,104
174900,6990,2,166.42857142857142,42,42
141000,9000,0,163.63636363636363,46,46
153900,7080,3,177.0,58,93
171000,8505,2,243.0,26,32
213000,12425,2,221.875,16,16
133500,4320,1,144.0,37,37
240000,14148,2,214.3636363636364,11,100
187000,11130,2,231.875,13,31
131500,5088,2,212.0,4,4
215000,11648,2,182.0,3,3
164000,11522,1,205.75,57,66
158000,8670,2,180.625,45,45
170000,8895,2,254.14285714285717,32,51
127000,5200,1,148.57142857142858,0,48
147000,6156,2,171.0,30,30
174000,8886,2,211.57142857142856,14,15
152000,9590,2,195.7142857142857,33,33
250000,15924,2,265.4,22,38
189950,9982,1,178.25,9,89
131500,5195,2,148.42857142857142,45,45
152000,6582,2,156.71428571428572,25,26
132500,5740,1,164.0,50,50
250580,9604,2,196.0,0,1
148500,5010,2,167.0,39,39
248900,13168,3,235.14285714285717,0,1
129000,4480,2,186.66666666666663,46,46
169000,11600,2,290.0,56,58
236000,13643,2,216.55555555555557,16,17
109500,4470,1,149.0,47,47
200500,10092,2,210.25,12,12
116000,4550,2,151.66666666666666,12,55
133000,6340,1,181.14285714285717,59,60
66500,5655,1,188.5,59,68
303477,20880,2,217.5,0,0
132250,4160,2,173.33333333333334,44,44
350000,20016,3,202.1818181818182,4,5
148000,5775,2,165.0,15,49
136500,4320,1,123.42857142857144,4,31
157000,5450,2,181.66666666666663,1,2
187500,12019,2,214.625,16,17
178000,9558,2,199.125,16,17
118500,8920,1,202.72727272727272,56,94
100000,4460,1,148.66666666666666,42,42
328900,15381,2,284.8333333333333,8,9
145000,8560,2,190.22222222222223,1,47
135500,6965,1,154.77777777777777,53,53
268000,17736,2,246.33333333333331,37,37
149500,9030,2,215.0,56,56
122900,4620,2,132.0,1,58
172500,10098,2,210.375,31,31
154500,6408,1,152.57142857142858,3,43
165000,6915,1,197.57142857142856,54,54
118858,7675,2,170.55555555555554,30,30
140000,10776,2,199.55555555555557,45,45
106500,3804,1,135.85714285714286,56,70
142953,11200,2,172.30769230769232,30,30
611657,21276,3,197.0,0,1
135000,6180,1,176.57142857142858,12,45
110000,3432,1,171.6,36,36
153000,6530,1,217.66666666666663,9,52
180000,10563,2,167.66666666666666,3,3
240000,11690,3,208.75,0,0
125500,4510,1,128.85714285714286,40,40
128000,5315,1,151.85714285714286,56,56
255000,13088,3,181.77777777777777,1,1
250000,14399,1,293.85714285714283,19,70
131000,4510,2,150.33333333333334,23,23
174000,8904,2,164.88888888888889,4,4
154300,11370,2,174.92307692307693,50,50
143500,6340,1,211.33333333333331,20,32
88000,5075,1,145.0,56,81
145000,10010,3,222.44444444444449,57,58
173733,7344,2,244.8,0,0
75000,4368,1,156.0,37,37
35311,960,1,96.0,56,57
135000,4916,1,175.57142857142858,53,53
238000,14889,3,236.33333333333331,16,16
176500,8484,2,202.0,6,50
201000,10326,2,215.125,13,13
145900,11000,0,220.0,5,108
169990,7896,2,188.0,0,1
193000,9702,2,269.5,14,15
207500,10116,2,210.75,26,26
175000,5630,2,160.85714285714286,31,31
285000,18992,3,215.8181818181818,3,4
176000,13846,2,197.8,40,40
236500,14304,2,223.5,8,8
222000,15652,2,248.44444444444449,9,9
201000,11728,3,183.25,2,2
117500,4625,1,154.16666666666666,44,44
320000,17145,3,211.66666666666663,1,1
190000,10500,2,214.28571428571428,5,5
242000,14483,2,206.9,1,48
79900,2988,2,124.5,53,80
184900,8400,2,200.0,6,6
253000,13797,2,219.0,4,4
239799,13734,3,245.25,0,0
244400,16821,1,218.45454545454547,60,70
150900,10368,2,192.0,30,30
214000,14420,2,228.88888888888889,10,10
150000,5760,0,160.0,30,30
143000,8160,2,181.33333333333331,40,40
137500,8064,2,168.0,51,51
124900,9345,2,233.625,13,119
143000,5720,1,163.42857142857142,47,47
270000,13032,3,162.9,4,5
192500,12432,2,222.0,4,4
197500,8286,2,230.16666666666663,4,38
129000,4320,2,144.0,5,57
119900,4825,1,137.85714285714286,41,41
133900,3840,1,128.0,6,37
172000,9840,2,246.0,39,39
127500,5880,0,196.0,31,31
145000,11748,2,217.55555555555557,57,61
124000,7374,2,204.83333333333331,29,29
132000,5285,2,151.0,45,45
185000,9359,2,191.0,4,4
155000,9912,2,202.28571428571428,11,11
116500,4290,0,171.6,2,52
272000,17232,2,239.33333333333331,13,31
155000,9288,2,193.5,31,31
239000,16200,2,225.0,2,2
214900,13258,2,210.44444444444449,7,8
178900,8904,2,164.88888888888889,0,2
160000,6540,1,163.5,59,69
135000,5490,1,156.85714285714286,53,53
37900,2904,0,138.28571428571428,59,99
140000,6570,1,156.42857142857142,48,48
135000,4768,0,170.28571428571428,56,57
173000,11382,2,232.28571428571428,5,6
99500,5508,1,153.0,31,31
182000,9996,2,204.0,0,1
167500,14133,2,224.33333333333331,16,99
165000,9674,2,197.42857142857144,6,6
85500,3476,0,173.8,48,83
199900,8687,2,248.2,0,1
110000,3576,2,149.0,53,53
139000,5605,2,186.83333333333331,46,46
178400,6993,2,142.71428571428572,1,47
336000,20896,3,290.22222222222223,10,11
159895,8862,2,180.8571428571429,1,1
255900,18320,2,229.0,6,6
126000,8670,2,192.66666666666663,32,32
125000,5820,1,194.0,58,58
117000,9810,1,272.5,3,96
395192,17460,3,215.55555555555557,0,1
195000,12180,2,225.55555555555557,31,31
197000,11032,2,225.14285714285717,0,0
348000,19136,3,299.0,8,9
168000,13936,2,193.55555555555557,23,127
187000,11106,2,231.375,14,43
173900,9000,2,214.28571428571428,0,1
337500,17180,3,214.75,2,3
121600,4920,1,205.0,56,60
136500,5250,1,150.0,45,45
185000,8652,2,206.0,39,39
91000,3231,1,153.85714285714286,56,84
206000,8456,2,172.57142857142858,4,4
82000,2832,2,188.8,57,57
86000,3455,1,138.2,57,87
232000,12592,3,196.75,2,2
136905,8400,2,186.66666666666663,31,31
181000,10528,2,188.0,3,4
149900,4925,1,140.71428571428572,31,31
163500,9942,2,207.125,37,37
88000,4368,1,156.0,39,39
240000,11970,2,213.75,4,5
102000,7610,0,190.25,56,80
135000,6355,1,158.875,58,60
100000,8320,0,184.88888888888889,45,45
165000,9012,1,187.75,11,84
85000,5110,1,204.4,3,99
119200,6492,1,180.33333333333331,57,59
227000,13320,2,237.8571428571429,8,8
203000,10528,2,214.8571428571429,13,13
187500,10880,2,272.0,25,25
160000,10304,2,184.0,15,16
213490,10542,2,215.14285714285717,1,1
176000,4528,2,188.66666666666663,3,3
194000,8540,2,174.28571428571428,0,0
87000,6240,1,178.28571428571428,57,77
191000,10528,2,188.0,2,3
287000,23184,2,263.45454545454544,32,32
112500,4410,2,147.0,35,35
167500,6320,2,180.57142857142856,50,50
293077,13168,3,205.75,0,1
105000,6880,1,196.57142857142856,57,66
118000,7308,1,152.25,34,34
160000,9640,0,175.27272727272728,11,90
197000,21574,2,237.07692307692307,39,89
310000,20160,3,229.0909090909091,13,13
230000,11578,3,236.28571428571428,4,4
119750,4770,1,159.0,57,69
84000,3380,1,140.83333333333334,52,52
315500,14580,3,231.42857142857144,1,2
287000,18104,2,282.875,6,7
97000,5376,0,192.0,1,39
80000,2520,1,157.5,39,39
155000,9015,2,200.33333333333331,6,49
173000,9792,2,204.0,8,42
196000,7836,2,217.66666666666663,4,4
262280,16303,2,211.72727272727272,18,18
278000,20192,2,252.4,28,28
139600,5199,2,192.55555555555557,54,54
556581,25812,3,239.0,0,1
145000,4950,2,165.0,13,14
115000,8855,2,177.1,3,49
84900,3720,1,132.85714285714286,4,64
176485,9114,2,186.0,0,0
200141,9212,2,188.0,0,0
165000,11862,2,197.7,29,43
144500,7630,1,190.75,8,53
255000,15912,2,248.625,4,4
180000,9138,2,190.375,32,32
185850,9548,2,194.8571428571429,1,1
248000,12950,2,231.25,15,15
335000,19656,3,198.54545454545453,1,1
220000,11946,2,248.875,57,75
213500,10704,2,191.14285714285717,9,9
81000,2682,3,127.71428571428572,58,73
90000,11685,2,212.45454545454547,57,107
110500,6618,2,183.83333333333331,26,81
154000,5770,2,164.85714285714286,43,43
328000,15820,2,282.5,13,14
178000,9426,2,196.375,15,16
167900,9666,2,201.375,44,44
151400,15126,2,229.1818181818182,33,33
135000,4465,2,178.6,4,58
135000,5240,1,149.71428571428572,51,51
154000,9336,2,172.88888888888889,41,41
91500,7280,1,182.0,56,58
159500,8556,2,203.7142857142857,32,32
194000,8680,3,206.66666666666663,1,1
219500,12180,1,248.57142857142856,23,67
170000,7330,2,183.25,17,70
138800,5480,1,156.57142857142858,37,37
155900,5088,2,212.0,2,2
126000,4950,1,165.0,13,13
145000,7548,2,209.66666666666663,4,37
133000,5200,1,173.33333333333334,47,47
192000,10213,2,208.42857142857144,5,5
160000,7506,1,178.71428571428572,42,42
187500,8988,2,214.0,10,11
147000,5976,2,166.0,18,18
83500,4368,1,156.0,37,37
252000,15624,3,195.3,3,4
137500,11963,2,213.625,2,2
197000,9976,2,249.4,1,1
92900,3120,2,148.57142857142858,59,59
160000,8764,2,250.4,8,9
136500,10164,2,211.75,58,83
146000,6000,2,171.42857142857142,8,41
129000,4680,1,187.2,10,54
176432,7884,2,187.7142857142857,1,1
127000,8130,0,169.375,1,93
170000,8704,2,181.33333333333331,21,21
128000,5296,1,189.14285714285717,59,73
157000,11207,2,200.125,31,31
60000,876,1,109.5,59,89
119500,4750,1,158.33333333333334,36,36
135000,5670,1,162.0,5,47
159500,7164,2,170.57142857142858,47,47
106000,6510,2,186.0,37,37
325000,20976,2,262.2,15,16
179900,10094,2,206.0,16,17
274725,14147,2,202.1,0,0
181000,10140,2,211.25,7,7
280000,14688,3,229.5,4,5
188000,9948,2,184.22222222222223,12,13
205000,13748,2,218.22222222222223,32,32
129900,4080,1,136.0,49,49
134500,5040,1,144.0,1,54
117000,4165,1,166.6,6,52
318000,13872,3,216.75,0,0
184100,11352,2,177.375,7,7
130000,4470,2,149.0,5,41
140000,8005,1,228.7142857142857,21,50
133700,5200,1,148.57142857142858,47,47
118400,6072,1,144.57142857142858,57,87
212900,10864,3,194.0,0,1
112000,3840,1,160.0,53,53
118000,3490,0,139.6,1,62
163900,10374,2,185.25,15,15
115000,4020,2,167.5,54,54
174000,10885,3,194.375,2,2
259000,10710,3,191.25,3,3
215000,13713,2,217.66666666666663,2,3
140000,4680,2,187.2,27,27
135000,7924,2,247.625,59,81
93500,4870,0,162.33333333333334,15,16
117500,13260,1,245.55555555555557,57,127
239500,16160,2,224.44444444444449,14,14
169000,9600,2,200.0,10,10
102000,5916,1,164.33333333333334,57,81
119000,7512,1,178.85714285714286,58,58
94000,5100,0,145.71428571428572,14,135
196000,9402,2,261.1666666666667,32,32
144000,5835,2,166.71428571428572,57,87
139000,4760,2,190.4,57,57
197500,9340,2,186.8,33,33
424870,22624,3,235.66666666666663,0,1
80000,5030,0,167.66666666666666,49,49
80000,3696,1,154.0,60,69
149000,7880,1,175.11111111111111,56,78
180000,7788,2,216.33333333333331,21,21
174500,10948,1,195.5,59,68
116900,7777,1,185.16666666666663,58,82
143000,10374,2,185.25,21,89
124000,5592,1,186.4,57,57
149900,7330,2,209.42857142857144,47,47
230000,10866,2,258.7142857142857,2,50
120500,4896,1,136.0,1,78
201800,12740,2,202.22222222222223,20,43
218000,7185,2,205.28571428571428,3,31
179900,6325,2,180.7142857142857,9,43
230000,9198,2,187.7142857142857,1,2
235128,12640,3,197.5,0,1
185000,11256,2,208.44444444444449,34,34
146000,8736,2,182.0,32,32
224000,9840,2,205.0,2,54
129000,4470,2,149.0,39,39
108959,5032,2,179.71428571428572,39,39
194000,7160,2,238.66666666666663,29,29
233170,10514,2,187.75,0,0
245350,13552,3,211.75,2,2
173000,10026,2,208.875,6,6
235000,12648,2,263.5,22,73
625000,36270,3,329.72727272727275,10,11
171000,6708,1,159.71428571428572,31,31
163000,7566,2,180.14285714285714,50,50
171900,8750,2,208.33333333333331,1,2
200500,15430,0,237.3846153846154,13,61
239000,14070,2,234.5,56,74
285000,22976,2,287.2,7,15
119500,4615,1,153.83333333333334,23,24
115000,7344,1,204.0,5,83
154900,6715,1,167.875,59,88
93000,5620,0,187.33333333333331,52,52
250000,17598,2,279.3333333333333,15,16
392500,13216,2,275.3333333333333,0,0
120000,5650,2,188.33333333333331,56,86
186700,7860,3,262.0,44,44
104900,6105,1,152.625,56,82
95000,5097,2,212.375,39,109
262000,12992,3,270.6666666666667,11,12
195000,11620,2,207.5,7,7
189000,12628,2,225.5,11,11
168000,6488,4,202.75,32,46
174000,11528,2,240.16666666666663,7,8
125000,7360,1,210.28571428571428,13,82
165000,7344,2,204.0,10,10
158000,8112,1,169.0,41,41
176000,8736,2,161.77777777777777,3,3
219210,13041,3,186.3,0,0
144000,11830,1,211.25,56,90
178000,8484,2,173.14285714285714,8,8
148000,5528,2,197.42857142857144,27,43
116050,3456,1,144.0,36,36
197900,12453,2,254.14285714285717,11,11
117000,6740,1,224.66666666666663,12,84
213000,11410,2,232.8571428571429,8,9
153500,5370,2,153.42857142857142,31,31
271900,15372,3,274.5,18,19
107000,4224,1,176.0,40,40
200000,10200,2,212.5,3,3
140000,6415,2,183.28571428571428,28,46
290000,13280,2,184.44444444444449,0,0
189000,11070,2,205.0,18,18
164000,14016,2,194.66666666666663,5,22
113000,2688,1,134.4,59,68
145000,3840,1,240.0,5,41
134500,4995,1,142.71428571428572,44,44
125000,4470,1,149.0,41,41
112000,11412,2,211.33333333333331,32,32
229456,10512,2,187.7142857142857,0,0
80500,3648,0,228.0,56,59
91500,7308,0,152.25,35,35
115000,4560,1,152.0,42,42
134000,6055,1,201.83333333333331,40,40
143000,11076,1,230.75,57,58
137900,10680,2,267.0,55,55
184000,10430,2,165.55555555555554,3,4
145000,6828,1,162.57142857142858,49,49
214000,11598,3,193.3,1,1
147000,4560,2,152.0,0,43
367294,15318,3,212.75,0,0
127000,7535,1,188.375,48,48
190000,13100,2,201.53846153846155,30,30
132500,5950,2,170.0,44,44
101800,4896,2,174.85714285714286,45,45
142000,5940,2,169.71428571428572,51,51
130000,9820,0,245.5,58,97
138887,8920,1,178.4,56,92
175500,11382,2,232.28571428571428,7,7
195000,13636,2,216.44444444444449,1,2
142500,6846,2,163.0,1,1
265900,11872,2,212.0,1,1
224900,12376,2,196.44444444444449,5,5
248328,11823,3,211.125,0,0
170000,8211,2,167.57142857142858,36,36
465000,20760,3,259.5,0,0
230000,12136,2,189.625,56,77
178000,11208,2,233.5,4,23
186500,10871,2,221.8571428571429,0,1
169900,6204,3,147.71428571428572,34,34
129500,12348,2,228.66666666666663,58,91
119000,4940,1,141.14285714285714,57,57
244000,14770,2,234.44444444444449,42,42
171750,9835,2,200.7142857142857,3,3
130000,4370,1,145.66666666666666,41,41
294000,15169,2,216.7,4,33
165400,11592,2,207.0,4,5
127500,8202,1,195.28571428571428,57,76
301500,15896,2,248.375,14,14
99900,4320,0,172.8,59,87
190000,8162,2,194.33333333333331,3,3
151000,6324,2,150.57142857142858,39,39
181000,10050,2,209.375,10,10
128900,5250,1,175.0,53,53
161500,7152,1,198.66666666666663,20,52
180500,10944,2,202.66666666666663,57,88
181000,8022,2,222.83333333333331,9,10
183900,10164,2,207.42857142857144,7,7
122000,13223,1,188.9,57,97
378500,18162,3,183.45454545454547,1,2
381000,27576,3,287.25,11,73
144000,7620,1,190.5,49,49
260000,10668,2,304.8,31,31
185750,8934,2,186.125,41,41
137000,4675,1,155.83333333333334,41,41
177000,8142,1,226.16666666666663,2,49
139000,6250,2,138.88888888888889,4,97
137000,9600,2,174.54545454545453,57,59
162000,8370,2,199.28571428571428,37,37
197900,10344,2,215.5,33,42
237000,16248,2,253.875,6,6
68400,4512,2,161.14285714285714,60,90
227000,11011,2,224.7142857142857,7,7
180000,9373,2,191.28571428571428,16,16
150500,5200,2,173.33333333333334,1,32
139000,10944,0,202.66666666666663,39,39
169000,14682,1,222.45454545454547,20,91
132500,8472,1,201.7142857142857,59,70
143000,7968,2,189.7142857142857,47,47
190000,7910,2,197.75,42,42
278000,13272,2,276.5,9,9
281000,15760,3,218.88888888888889,0,0
180500,5760,2,164.57142857142858,46,46
119500,6510,1,186.0,37,37
107500,11860,1,197.66666666666663,44,117
162900,11648,2,184.88888888888889,30,30
115000,4320,2,144.0,16,51
138500,5260,1,175.33333333333334,38,38
155000,5640,2,161.14285714285714,45,45
140000,6432,2,178.66666666666666,0,1
154000,6230,1,178.0,16,51
225000,13881,2,198.3,10,10
177500,8964,1,186.75,59,67
290000,20208,3,280.6666666666667,12,12
232000,11312,3,202.0,1,1
130000,11956,2,213.5,2,2
325000,14868,2,236.0,2,3
202500,9576,2,195.42857142857144,0,1
138000,4950,2,165.0,14,15
147000,5610,2,160.28571428571428,3,60
179200,7764,2,184.8571428571429,17,17
335000,13314,2,237.75,8,51
203000,8918,2,182.0,0,2
302000,22480,2,281.0,17,17
333168,23391,3,236.27272727272728,11,11
119000,3792,1,158.0,53,53
206900,12672,2,211.2,39,39
295493,13040,3,181.11111111111111,1,1
208900,9464,2,225.33333333333331,0,1
275000,14296,3,223.375,4,5
111000,3792,1,158.0,53,53
156500,8868,2,211.14285714285717,52,52
72500,2160,1,144.0,58,59
190000,13461,2,213.66666666666663,18,18
82500,2832,0,118.0,59,69
147000,14360,3,224.375,0,1
55000,3184,0,132.66666666666666,58,86
79000,2322,0,110.57142857142856,1,76
130500,4080,1,136.0,0,26
256000,16752,2,310.22222222222223,58,88
176500,11424,2,181.33333333333331,8,8
227000,12704,3,198.5,1,1
132500,4770,2,136.28571428571428,30,30
100000,3264,1,204.0,51,71
125500,6800,1,194.28571428571428,11,68
125000,6825,2,170.625,39,39
167900,8004,2,190.57142857142856,32,32
135000,8280,2,184.0,35,35
52500,2772,0,138.6,56,65
200000,13027,2,206.77777777777777,4,4
128500,4320,1,144.0,34,34
123000,3488,4,145.33333333333334,36,36
155000,6684,2,159.14285714285714,4,5
228500,17352,2,271.125,5,5
177000,11478,2,191.3,59,81
155835,10192,2,161.77777777777777,1,1
108500,3840,1,160.0,57,87
262500,15092,2,215.6,3,38
283463,14208,3,222.0,0,1
215000,10458,2,249.0,9,9
122000,18864,0,262.0,21,136
200000,13170,4,202.6153846153846,40,40
171000,10296,2,190.66666666666663,46,46
134900,7056,2,235.2,9,72
410000,25904,3,323.8,14,15
235000,13055,3,233.125,8,8
170000,13440,2,213.33333333333331,14,38
110000,4460,1,148.66666666666666,42,42
149900,5390,2,154.0,2,39
177500,9438,2,262.1666666666667,10,10
315000,17820,3,220.0,1,2
189000,13005,2,289.0,10,87
260000,10710,2,191.25,4,4
104900,6952,1,217.25,2,89
156932,8472,2,201.7142857142857,0,1
144152,8400,2,240.0,1,1
216000,11718,2,209.25,10,10
193000,12530,2,223.75,9,9
127000,7375,1,210.7142857142857,29,29
144000,5088,2,169.6,5,6
232000,13344,2,185.33333333333331,7,7
105000,5496,1,196.28571428571428,59,89
165500,9966,1,184.55555555555557,12,53
274300,14679,2,233.0,8,8
466500,26330,3,292.55555555555554,5,6
250000,13706,3,195.8,3,3
239000,12568,3,196.375,0,0
91000,4740,1,158.0,58,78
117000,8020,2,229.14285714285717,49,68
83000,5922,1,164.5,33,33
167500,6970,2,174.25,1,2
58500,2592,1,144.0,60,96
237500,12702,2,264.625,38,38
157000,12334,2,195.77777777777777,56,86
112000,7080,2,177.0,0,89
105000,7548,1,179.71428571428572,59,70
125500,4616,1,144.25,3,88
250000,19488,2,214.15384615384616,28,28
136000,15156,1,229.63636363636363,57,91
377500,15714,3,218.25,2,3
131000,7308,2,174.0,57,66
235000,10675,2,217.8571428571429,6,6
124000,7920,3,176.0,42,42
123000,4500,1,128.57142857142858,39,39
163000,11472,2,239.0,8,103
246578,10500,3,214.28571428571428,0,0
281213,19856,3,248.2,1,2
160000,8435,2,210.875,60,62
137500,7565,1,168.11111111111111,3,87
138000,9520,1,238.0,27,59
137450,9648,1,201.0,19,84
120000,6948,1,193.0,58,79
193000,9558,2,177.0,4,4
193879,9058,2,184.8571428571429,0,0
282922,11712,3,209.14285714285717,0,0
105000,3642,3,173.42857142857142,56,91
275000,13168,2,274.3333333333333,3,4
133000,3840,2,128.0,2,37
112000,4165,0,138.83333333333334,24,24
125500,5452,2,194.7142857142857,60,100
215000,14651,2,261.625,17,22
230000,12880,2,262.85714285714283,8,8
140000,10008,1,238.28571428571428,4,59
90000,4160,2,148.57142857142858,59,60
257000,14752,2,230.5,3,4
207000,11088,2,205.33333333333331,8,85
175900,10983,3,196.125,2,2
122500,9160,2,190.83333333333331,60,125
340000,19600,3,306.25,11,11
124000,5720,1,163.42857142857142,45,45
223000,11064,2,230.5,37,37
179900,8496,2,177.0,38,38
127500,6414,2,213.8,33,33
136500,5088,2,212.0,5,5
274970,13206,2,244.55555555555557,40,40
144000,6720,1,192.0,24,49
142000,7512,2,156.5,49,49
271000,14889,2,354.5,14,14
140000,7790,1,222.57142857142856,58,63
119000,4020,1,160.8,18,70
182900,8640,2,180.0,26,26
192140,9190,2,229.75,1,1
143750,5748,2,159.66666666666666,33,33
64500,3872,1,161.33333333333334,0,80
186500,10752,2,199.11111111111111,8,8
160000,5630,2,187.66666666666663,29,29
174000,9222,2,192.125,3,46
120500,3456,2,144.0,36,36
394617,15456,3,241.5,0,0
149700,7416,2,176.57142857142858,14,53
197000,12075,2,246.42857142857144,28,28
191000,15330,2,212.91666666666663,14,86
149300,5088,2,212.0,4,4
310000,20070,3,182.45454545454547,1,1
121000,5712,1,190.4,59,93
179600,9954,2,177.75,3,3
129000,5478,1,130.42857142857142,41,41
157900,5940,1,169.71428571428572,48,48
240000,16720,2,232.22222222222223,11,12
112000,5384,1,192.28571428571428,7,97
92000,3150,0,157.5,36,36
136000,8960,0,199.11111111111111,35,35
287090,12624,3,197.25,0,1
145000,5360,2,178.66666666666666,1,1
84500,5700,0,162.85714285714286,0,0
185000,8547,2,174.42857142857142,4,5
175000,9882,2,205.875,7,8
210000,12438,2,259.125,22,32
266500,16380,1,234.0,4,69
142125,5390,1,179.66666666666666,14,60
147500,6280,1,179.42857142857142,43,43
