SalePrice,quality_area,OverallQual,GrLivArea,GarageCars,area_per_room,TotalBathrooms,renovation_age,house_age
208500,11970,7,1710,2,190.0,2.5,5,5
181500,7572,6,1262,2,180.28571428571428,2.0,31,31
223500,12502,7,1786,2,255.14285714285717,2.5,6,7
140000,12019,7,1717,3,214.625,1.0,36,91
250000,17584,8,2198,3,219.8,2.5,8,8
143000,6810,5,1362,2,227.0,1.5,14,16
307000,13552,8,1694,2,211.75,2.0,2,3
200000,14630,7,2090,2,261.25,2.5,36,36
129900,12418,7,1774,2,197.11111111111111,2.0,58,77
118000,5385,5,1077,1,179.5,1.0,58,69
129500,5200,5,1040,1,173.33333333333334,1.0,43,43
345000,20916,9,2324,3,193.66666666666663,3.0,0,1
144000,4560,5,912,1,182.4,1.0,46,46
279500,10458,7,1494,3,186.75,2.0,0,1
157000,7518,6,1253,1,208.83333333333331,1.5,48,48
132000,5978,7,854,2,142.33333333333334,1.0,6,78
149000,6024,6,1004,2,167.33333333333334,1.0,40,40
90000,5184,4,1296,2,185.14285714285717,2.0,39,39
159000,5570,5,1114,2,159.14285714285714,1.5,4,4
139000,6695,5,1339,1,191.28571428571428,1.0,44,51
325300,19008,8,2376,3,237.6,3.5,0,1
139400,7756,7,1108,1,158.28571428571428,1.0,57,77
230000,14360,8,1795,2,224.375,2.0,6,6
129900,5300,5,1060,2,151.42857142857142,1.0,31,31
154000,5300,5,1060,1,151.42857142857142,1.0,9,42
256300,12800,8,1600,3,200.0,2.0,2,2
134800,4500,5,900,2,150.0,1.0,10,59
306000,13632,8,1704,3,213.0,2.0,2,3
207500,8000,5,1600,1,228.57142857142856,1.0,9,49
68500,2080,4,520,1,104.0,1.0,58,81
40000,5268,4,1317,1,188.14285714285717,1.0,58,88
149350,6140,5,1228,1,175.42857142857142,1.5,2,42
179900,9872,8,1234,2,154.25,2.0,1,1
165500,8500,5,1700,2,242.8571428571429,1.5,51,51
277500,14049,9,1561,2,223.0,2.0,2,2
309000,19616,8,2452,3,245.2,3.5,1,2
145000,5485,5,1097,2,156.71428571428572,1.5,14,15
153000,6485,5,1297,2,216.16666666666663,1.0,19,55
109000,5285,5,1057,1,176.16666666666666,1.0,3,57
82000,4608,4,1152,0,164.57142857142858,2.0,53,53
160000,7944,6,1324,2,189.14285714285717,2.0,41,41
170000,6640,5,1328,1,221.33333333333331,1.5,48,48
144000,4420,5,884,2,147.33333333333334,1.0,24,24
130250,4690,5,938,1,156.33333333333334,1.0,28,33
141000,5750,5,1150,1,164.28571428571428,1.0,47,47
319900,15768,9,1752,2,250.28571428571428,2.0,5,5
239686,15043,7,2149,2,307.0,1.5,6,6
249700,13248,8,1656,3,207.0,2.0,1,1
113000,5808,4,1452,0,161.33333333333334,2.0,1,89
127000,4775,5,955,1,136.42857142857142,1.0,41,41
177000,8820,6,1470,2,210.0,2.0,10,10
114500,7056,6,1176,2,168.0,1.0,56,72
110000,4080,5,816,2,136.0,1.0,47,47
385000,16578,9,1842,3,307.0,0.5,19,25
130000,6800,5,1360,2,194.28571428571428,1.0,52,52
180500,8550,6,1425,2,178.125,2.0,44,44
172500,13912,8,1739,2,217.375,2.5,9,10
196500,12040,7,1720,2,215.0,2.5,2,2
438780,29450,10,2945,3,267.72727272727275,3.5,0,0
124900,3900,5,780,1,156.0,1.0,36,36
158000,6948,6,1158,2,193.0,1.5,2,2
101000,5555,5,1111,1,158.71428571428572,1.0,11,87
202500,10960,8,1370,2,195.7142857142857,2.0,1,1
140000,11970,7,1710,2,171.0,2.0,60,89
219500,14238,7,2034,2,226.0,2.5,11,12
317000,19784,8,2473,3,247.3,2.5,2,3
180000,15449,7,2207,2,275.875,2.0,21,40
226000,10353,7,1479,2,184.875,2.0,4,4
80000,2988,4,747,1,149.4,1.0,60,65
225000,16009,7,2287,2,285.875,2.0,53,53
244000,15561,7,2223,2,247.0,2.0,34,34
129500,3380,4,845,2,169.0,1.0,1,25
185000,12026,7,1718,2,214.75,2.5,11,11
144900,5430,5,1086,2,155.14285714285714,1.0,7,56
107400,4815,3,1605,1,178.33333333333334,2.0,60,95
91000,3952,4,988,1,164.66666666666666,1.0,36,36
135750,3808,4,952,1,190.4,1.0,52,52
127000,6425,5,1285,1,183.57142857142856,1.0,7,60
136500,7072,4,1768,0,196.44444444444449,2.0,42,42
110000,6150,5,1230,2,205.0,1.5,28,99
193500,12852,6,2142,1,238.0,2.5,41,41
153500,8022,6,1337,2,222.83333333333331,2.0,8,8
245000,12504,8,1563,3,223.28571428571428,2.0,1,1
126500,5325,5,1065,2,152.14285714285714,1.5,47,47
168500,10318,7,1474,2,184.25,2.5,13,14
260000,19336,8,2417,2,241.7,2.5,14,15
174000,9360,6,1560,2,222.8571428571429,2.5,4,4
164500,7344,6,1224,2,244.8,2.5,0,0
85000,4578,3,1526,0,218.0,1.0,27,94
123600,3960,4,990,0,165.0,1.0,12,13
109900,4160,4,1040,2,208.0,1.0,56,56
98600,6175,5,1235,2,176.42857142857142,1.0,45,45
163500,4820,5,964,2,160.66666666666666,1.0,3,88
133900,13746,6,2291,2,229.1,2.0,9,97
204750,10716,6,1786,2,223.25,2.5,10,10
185000,8820,6,1470,2,210.0,2.5,16,16
214000,11116,7,1588,2,226.8571428571429,2.0,7,7
94750,3840,4,960,1,137.14285714285714,1.0,42,42
83000,4175,5,835,1,139.16666666666666,1.0,60,90
128950,4900,4,1225,0,175.0,1.5,51,51
205000,9660,6,1610,2,230.0,2.0,9,33
178000,10392,6,1732,2,216.5,2.5,25,25
118964,7675,5,1535,2,170.55555555555554,2.0,30,30
198900,8582,7,1226,3,175.14285714285714,2.0,1,1
169500,12726,7,1818,1,227.25,1.5,57,76
250000,15936,8,1992,2,199.2,2.5,4,5
100000,4188,4,1047,1,149.57142857142858,1.0,12,122
115000,3945,5,789,1,131.5,1.0,58,60
115000,7585,5,1517,0,189.625,2.0,2,88
190000,11064,6,1844,2,230.5,2.0,33,33
136900,11130,6,1855,1,231.875,2.0,34,52
180000,10010,7,1430,2,178.75,2.5,10,10
383970,18872,7,2696,3,245.0909090909091,2.5,0,0
217000,13554,6,2259,2,282.375,2.0,54,54
259500,13920,6,2320,1,232.0,2.5,5,62
176000,8748,6,1458,2,243.0,2.5,8,8
139000,5460,5,1092,1,156.0,1.0,47,47
155000,5625,5,1125,2,187.5,1.5,0,1
320000,22554,7,3222,3,268.5,3.0,20,20
163990,8736,6,1456,2,161.77777777777777,2.5,0,1
180000,5928,6,988,2,197.6,1.0,37,37
100000,4492,4,1123,1,224.6,1.0,57,68
136000,6480,6,1080,1,180.0,1.0,50,50
153900,7194,6,1199,2,199.83333333333331,2.0,15,15
181000,9516,6,1586,2,198.25,2.0,11,30
84500,4524,6,754,0,125.66666666666669,1.0,24,71
128000,5748,6,958,2,159.66666666666666,2.0,31,31
87000,4200,5,840,0,140.0,1.0,57,77
155000,8088,6,1348,2,192.57142857142856,1.5,40,40
150000,5265,5,1053,2,150.42857142857142,1.5,15,48
226000,15099,7,2157,2,239.66666666666663,2.5,40,40
244000,12324,6,2054,2,256.75,2.5,9,9
150750,6635,5,1327,2,165.875,1.0,5,48
220000,10368,8,1296,2,185.14285714285717,2.0,7,8
180000,8605,5,1721,2,215.125,2.5,13,38
174000,11774,7,1682,2,210.25,2.0,38,38
143000,6070,5,1214,1,202.33333333333331,2.0,40,40
171000,13713,7,1959,3,195.9,3.0,17,18
230000,14816,8,1852,3,231.5,2.5,8,9
231500,10584,6,1764,2,220.5,2.5,12,12
115000,3456,4,864,0,144.0,1.0,39,39
260000,12138,7,1734,2,216.75,2.0,1,1
166000,6925,5,1385,2,197.8571428571429,2.0,58,58
204000,10507,7,1501,2,214.42857142857144,2.0,10,10
125000,8640,5,1728,2,157.0909090909091,2.0,43,43
130000,10254,6,1709,2,213.625,2.0,0,2
105000,4375,5,875,1,145.83333333333334,1.0,16,78
222500,14245,7,2035,2,226.11111111111111,2.5,9,9
141000,7560,7,1080,0,154.28571428571428,1.0,3,4
115000,6720,5,1344,1,168.0,1.0,56,70
122000,4845,5,969,2,161.5,1.5,32,32
372402,13680,8,1710,3,244.28571428571428,2.0,0,1
190000,11958,6,1993,2,221.44444444444449,2.5,35,35
235000,7512,6,1252,2,250.4,1.0,33,48
125000,7200,6,1200,1,150.0,1.0,56,83
79000,6576,6,1096,0,182.66666666666663,1.0,58,84
109500,5200,5,1040,2,173.33333333333334,1.0,56,56
269500,15744,8,1968,3,218.66666666666663,2.5,0,1
254900,13629,7,1947,2,216.33333333333331,2.5,5,6
320000,17234,7,2462,2,246.2,2.5,0,1
162500,7392,6,1232,2,176.0,2.0,24,24
412500,24012,9,2668,3,242.54545454545453,2.5,4,5
220000,10787,7,1541,2,192.625,2.0,5,5
103200,3528,4,882,0,176.4,1.0,51,51
152000,9696,6,1616,1,269.3333333333333,2.0,3,81
127500,6775,5,1355,0,193.57142857142856,2.0,9,68
190000,9335,5,1867,1,233.375,1.0,16,54
325624,17288,8,2161,3,240.11111111111111,1.5,0,0
183500,12040,7,1720,2,215.0,2.5,3,3
228000,13656,8,1707,2,243.8571428571429,2.5,25,25
128500,6910,5,1382,2,172.75,1.5,57,66
215000,9936,6,1656,2,207.0,1.0,50,50
239000,12369,7,1767,2,294.5,2.0,19,19
163000,8172,6,1362,2,194.57142857142856,1.5,47,47
184000,9906,6,1651,2,206.375,2.0,22,22
243000,12948,6,2158,2,269.75,2.0,6,57
211000,12360,6,2060,2,228.88888888888889,2.5,18,19
172500,9600,5,1920,2,213.33333333333331,2.0,48,48
501837,20106,9,2234,3,223.4,2.0,0,1
100000,4840,5,968,2,161.33333333333334,1.0,1,84
177000,9150,6,1525,2,254.16666666666663,2.5,7,7
200100,12614,7,1802,1,180.2,1.5,56,86
120000,6700,5,1340,1,167.5,1.0,1,50
200000,14574,7,2082,2,297.42857142857144,2.5,5,5
127000,6260,5,1252,2,208.66666666666663,1.0,15,98
475000,36080,10,3608,3,277.53846153846155,2.5,13,114
173000,8519,7,1217,2,173.85714285714286,2.0,18,19
135000,8280,5,1656,1,184.0,2.5,22,93
153337,6120,5,1224,2,174.85714285714286,1.0,30,30
286000,12744,8,1593,2,265.5,1.5,6,7
315000,21816,8,2727,2,247.9090909090909,2.5,13,75
184000,10353,7,1479,2,184.875,1.5,3,35
192000,10017,7,1431,2,204.42857142857144,2.0,10,10
130000,11963,7,1709,2,213.625,2.0,2,2
127000,4320,5,864,1,144.0,1.0,36,36
148500,8736,6,1456,2,182.0,2.5,33,33
311872,12082,7,1726,3,191.77777777777777,2.0,0,0
235000,24896,8,3112,2,345.77777777777777,2.0,16,88
104000,13374,6,2229,0,247.66666666666663,1.0,59,97
274900,13704,8,1713,3,214.125,2.0,4,5
140000,4484,4,1121,2,186.83333333333331,2.0,6,7
171500,7674,6,1279,2,182.7142857142857,2.0,31,31
112000,7860,6,1310,1,187.14285714285717,2.0,56,82
149000,5088,6,848,2,212.0,1.0,4,4
110000,6420,5,1284,1,214.0,1.5,59,62
180500,10094,7,1442,2,240.33333333333331,2.0,19,19
143900,8480,5,1696,1,188.44444444444449,1.5,45,45
141000,4400,4,1100,1,157.14285714285714,1.0,48,48
277000,14434,7,2062,2,257.75,2.5,18,19
145000,6552,6,1092,2,156.0,1.0,44,44
98000,4320,5,864,0,144.0,1.0,58,83
186000,7272,6,1212,2,173.14285714285714,2.0,1,1
252678,12964,7,1852,2,231.5,2.5,0,0
156000,4950,5,990,2,165.0,1.0,11,11
161750,8352,6,1392,1,198.8571428571429,1.5,33,33
134450,6180,5,1236,1,176.57142857142858,1.0,10,49
210000,10052,7,1436,2,159.55555555555554,2.0,4,4
107000,5312,4,1328,1,147.55555555555554,1.0,56,81
311500,13678,7,1954,2,217.11111111111111,1.5,2,69
167240,8736,7,1248,2,208.0,2.0,0,1
204900,10486,7,1498,2,249.66666666666663,2.0,0,0
200000,13602,6,2267,2,251.88888888888889,2.5,7,7
179900,9312,6,1552,2,221.7142857142857,2.5,31,31
97000,3456,4,864,2,172.8,1.0,38,38
386250,23920,10,2392,3,265.77777777777777,2.0,6,6
112000,6510,5,1302,1,186.0,2.5,38,38
290000,17640,7,2520,3,252.0,2.5,12,12
106000,5922,6,987,1,164.5,1.5,38,38
125000,4560,5,912,1,152.0,1.0,43,43
192500,10885,7,1555,2,194.375,2.0,3,4
148000,7164,6,1194,1,170.57142857142858,1.0,51,51
403000,22352,8,2794,3,279.4,2.5,13,14
94500,5922,6,987,1,164.5,1.5,34,34
128200,4470,5,894,1,149.0,1.0,34,34
216500,11760,6,1960,2,217.77777777777777,2.5,8,8
89500,5922,6,987,1,164.5,1.5,37,37
185500,9898,7,1414,2,202.0,2.0,6,6
194500,12208,7,1744,2,218.0,2.5,7,17
318000,13552,8,1694,3,211.75,2.0,0,0
113000,8922,6,1487,1,185.875,1.5,60,65
262500,12528,8,1566,2,195.75,2.0,2,2
110500,4330,5,866,0,173.2,1.0,10,62
79000,7200,5,1440,1,205.7142857142857,1.0,56,106
120000,7302,6,1217,1,173.85714285714286,1.5,29,29
205000,14770,7,2110,2,234.44444444444449,2.5,8,16
241500,13104,7,1872,2,267.42857142857144,2.0,18,18
137000,11568,6,1928,1,192.8,2.0,56,96
140000,8250,6,1375,2,229.16666666666663,1.0,52,52
180000,11676,7,1668,2,185.33333333333331,2.5,4,4
277000,12864,6,2144,2,268.0,2.0,1,49
76500,3918,3,1306,0,186.57142857142856,1.0,44,70
235000,13000,8,1625,2,270.8333333333333,2.0,0,1
173000,9840,6,1640,2,234.28571428571428,2.5,4,4
158000,7812,6,1302,1,162.75,2.0,16,43
145000,6570,5,1314,1,219.0,1.0,53,53
230000,16037,7,2291,2,254.55555555555557,2.5,7,7
207500,10368,6,1728,2,216.0,2.5,5,5
220000,11228,7,1604,2,178.22222222222223,2.5,3,3
231500,12544,7,1792,2,224.0,2.5,7,7
97000,4410,5,882,1,176.4,1.0,52,52
176000,8292,6,1382,2,197.42857142857144,1.0,47,47
276000,20592,8,2574,3,234.0,2.5,0,0
151000,7272,6,1212,2,173.14285714285714,1.0,11,29
130000,6580,5,1316,2,188.0,1.0,9,81
73000,3820,5,764,2,152.8,1.0,4,83
175500,8532,6,1422,2,177.75,2.0,27,27
185000,9066,6,1511,2,167.88888888888889,2.5,9,9
179500,10960,5,2192,1,243.55555555555557,2.5,11,69
120500,3890,5,778,1,155.6,1.0,53,68
148000,6678,6,1113,1,159.0,1.5,31,31
266000,15512,8,1939,3,215.44444444444449,2.5,0,0
241500,9541,7,1363,2,227.16666666666663,1.0,3,54
290000,18160,8,2270,3,227.0,2.5,3,11
139000,9792,6,1632,1,233.14285714285717,2.0,21,51
124500,4080,5,816,1,136.0,1.0,25,25
205000,10836,7,1548,2,258.0,2.5,2,84
201000,10920,7,1560,2,195.0,2.0,7,7
141000,3456,4,864,2,172.8,1.0,59,59
415298,19089,9,2121,3,235.66666666666663,2.5,0,1
192000,14154,7,2022,2,224.66666666666663,2.5,31,31
228500,13874,7,1982,2,247.75,2.5,18,18
185000,7572,6,1262,2,210.33333333333331,2.0,0,0
207500,9198,7,1314,2,187.7142857142857,2.0,1,2
244600,11744,8,1468,3,209.7142857142857,2.0,0,1
179200,9450,6,1575,2,262.5,2.0,15,15
164700,8750,7,1250,2,208.33333333333331,2.5,0,1
159000,10404,6,1734,2,216.75,1.5,25,44
88000,3432,4,858,0,143.0,1.0,35,35
122000,4500,5,900,1,150.0,1.0,43,43
153575,8376,6,1396,1,174.5,1.0,4,92
233230,15352,8,1919,2,213.22222222222223,2.5,0,0
135900,8580,5,1716,0,171.6,2.0,8,96
131000,8580,5,1716,1,190.66666666666663,1.5,1,60
235000,15841,7,2263,2,226.3,2.5,12,29
167000,9864,6,1644,2,205.5,1.0,56,56
142500,6018,6,1003,2,143.28571428571428,1.0,22,22
152000,7790,5,1558,1,222.57142857142856,1.5,57,57
239000,13650,7,1950,2,243.75,2.5,9,10
175000,10458,6,1743,2,217.875,2.0,39,39
158500,6912,6,1152,1,164.57142857142858,1.0,5,59
157000,6680,5,1336,1,222.66666666666663,1.0,53,53
267000,19616,8,2452,2,245.2,2.5,8,9
205000,10787,7,1541,3,220.14285714285717,2.0,4,5
149900,4470,5,894,2,149.0,1.0,34,34
295000,24451,7,3493,3,317.54545454545456,3.0,6,128
305900,16000,8,2000,3,222.22222222222223,2.0,2,3
225000,15701,7,2243,3,249.22222222222223,2.5,16,17
89500,8436,6,1406,0,200.8571428571429,1.0,58,88
82500,3444,4,861,2,172.2,1.0,59,69
360000,17496,9,1944,3,216.0,2.0,2,3
165600,9006,6,1501,2,214.42857142857144,2.5,12,13
132000,5832,6,972,1,162.0,1.0,7,61
119900,5590,5,1118,2,186.33333333333331,1.0,56,67
375000,14252,7,2036,2,226.22222222222223,2.0,44,44
178000,11487,7,1641,2,234.42857142857144,1.5,16,81
188500,10024,7,1432,2,204.57142857142856,2.5,4,5
260000,16471,7,2353,2,213.9090909090909,2.5,29,29
270000,15672,8,1959,3,217.66666666666663,2.5,1,1
260000,18522,7,2646,3,264.6,2.5,16,16
187500,10304,7,1472,2,210.28571428571428,2.0,29,29
342643,23364,9,2596,3,259.6,3.5,0,0
354000,19744,8,2468,3,224.3636363636364,2.5,3,3
301000,19110,7,2730,2,303.3333333333333,2.5,20,21
126175,3489,3,1163,1,166.14285714285714,1.0,1,51
242000,20846,7,2978,2,248.16666666666663,2.5,3,43
87000,4015,5,803,2,133.83333333333334,1.0,57,66
324000,13752,8,1719,2,245.57142857142856,1.5,15,15
145250,8298,6,1383,1,172.875,1.5,46,46
214500,12804,6,2134,2,194.0,2.0,15,93
78000,5960,5,1192,1,170.28571428571428,1.0,59,89
119000,8640,5,1728,1,157.0909090909091,2.0,43,43
139000,5280,5,1056,1,150.85714285714286,1.0,15,49
284000,13032,8,1629,3,203.625,2.0,5,6
207000,9506,7,1358,2,194.0,2.0,4,4
192000,9828,6,1638,2,204.75,2.5,10,10
228950,8930,5,1786,2,223.25,2.0,43,43
377426,17298,9,1922,3,213.55555555555557,2.0,1,2
214000,10752,7,1536,2,192.0,2.0,5,6
202500,11347,7,1621,2,180.11111111111111,2.0,8,22
155000,7290,6,1215,1,173.57142857142858,1.0,11,51
202900,15264,8,1908,2,190.8,2.5,8,8
82000,3364,4,841,1,168.2,1.0,59,59
87500,3120,3,1040,2,148.57142857142858,2.0,56,57
266000,15156,9,1684,2,240.57142857142856,2.0,3,3
85000,5560,5,1112,1,222.4,1.5,34,34
140200,9462,6,1577,1,225.28571428571428,1.0,56,67
151500,5748,6,958,1,159.66666666666666,1.0,9,47
157500,8868,6,1478,2,211.14285714285717,2.0,49,49
154000,11382,7,1626,2,232.28571428571428,2.5,4,5
437154,24552,9,2728,3,248.0,2.5,0,1
318061,16821,9,1869,2,267.0,2.0,0,0
190000,10171,7,1453,2,207.57142857142856,1.5,20,20
95000,5555,5,1111,1,185.16666666666663,1.0,58,67
105900,4320,6,720,2,120.0,1.0,7,82
140000,9570,6,1595,1,227.8571428571429,1.0,6,66
177500,7200,6,1200,2,171.42857142857142,2.0,12,12
173000,7002,6,1167,2,166.71428571428572,2.0,17,17
134000,5710,5,1142,2,163.14285714285714,1.5,31,31
130000,6760,5,1352,1,193.14285714285717,1.0,48,48
280000,15392,8,1924,2,240.5,2.5,8,8
156000,5472,6,912,2,152.0,1.0,29,29
145000,7525,5,1505,1,167.22222222222223,1.0,26,68
198500,13454,7,1922,2,240.25,3.0,6,6
118000,5922,6,987,1,164.5,1.5,2,37
190000,9444,6,1574,2,224.8571428571429,2.5,30,30
147000,6720,5,1344,1,192.0,1.0,12,89
159000,8364,6,1394,2,199.14285714285717,1.5,46,46
165000,8586,6,1431,1,204.42857142857144,1.0,46,46
132000,6340,5,1268,1,158.5,1.0,56,56
162000,6435,5,1287,2,160.875,1.0,4,51
172400,9984,6,1664,2,208.0,2.5,6,6
134432,6352,4,1588,2,198.5,2.0,49,49
125000,4512,6,752,1,150.4,1.0,26,26
123000,6595,5,1319,1,219.83333333333331,1.0,56,56
219500,13496,7,1928,2,214.22222222222223,2.5,3,4
61000,904,1,904,0,180.8,0.5,59,87
148000,4570,5,914,2,152.33333333333334,1.0,10,10
340000,19728,8,2466,2,274.0,3.0,2,3
394432,16704,9,1856,3,206.22222222222223,1.5,0,0
179000,10800,6,1800,2,225.0,2.5,9,9
127000,8455,5,1691,1,241.57142857142856,2.0,60,86
187750,9107,7,1301,2,216.83333333333331,2.0,0,0
213500,12579,7,1797,2,199.66666666666663,2.5,1,1
76000,4704,6,784,2,130.66666666666666,1.0,59,81
240000,11718,6,1953,2,195.3,2.5,15,15
192000,10152,8,1269,2,181.28571428571428,2.0,5,6
81000,5920,5,1184,0,131.55555555555554,1.0,10,96
125000,6750,6,1125,1,160.71428571428572,1.0,33,33
191000,10353,7,1479,2,211.28571428571428,2.0,8,9
426000,23320,10,2332,3,233.2,2.5,0,1
119000,6835,5,1367,1,170.875,1.0,58,108
215000,11766,6,1961,2,245.125,2.5,7,8
106500,4410,5,882,1,147.0,1.0,48,48
100000,3152,4,788,0,157.6,1.0,56,65
109000,5170,5,1034,1,172.33333333333334,1.0,57,67
129000,5720,5,1144,1,163.42857142857142,1.0,54,54
123000,4470,5,894,2,127.71428571428572,1.0,37,37
169500,9060,5,1812,1,201.33333333333331,2.0,45,45
67000,5385,5,1077,1,153.85714285714286,1.0,57,87
241000,10850,7,1550,2,193.75,2.0,2,3
245500,10304,8,1288,2,257.6,1.5,12,12
164990,9170,7,1310,2,187.14285714285717,2.0,1,1
108000,3360,5,672,1,134.4,1.0,11,68
258000,18104,8,2263,2,205.72727272727272,2.5,8,8
168000,9432,6,1572,2,196.5,2.5,11,12
150000,6480,4,1620,2,180.0,2.0,16,33
115000,9834,6,1639,1,234.14285714285717,1.0,58,72
177000,10080,6,1680,1,186.66666666666663,2.0,32,93
280000,15204,7,2172,3,217.2,2.5,1,1
339750,16624,8,2078,3,230.88888888888889,2.5,0,1
60000,6380,5,1276,1,212.66666666666663,1.0,51,51
145000,5280,5,1056,2,176.0,1.0,51,51
222000,10346,7,1478,2,184.75,2.5,1,1
115000,5140,5,1028,2,171.33333333333334,1.0,60,83
228000,14679,7,2097,3,209.7,2.5,15,15
181134,9380,7,1340,2,191.42857142857144,2.0,0,0
149500,8400,6,1400,2,200.0,1.5,28,28
239000,15744,6,2624,3,238.54545454545453,2.5,57,89
126000,5670,5,1134,1,141.75,1.5,57,67
142000,5280,5,1056,1,150.85714285714286,1.0,42,42
206300,9408,7,1344,4,149.33333333333334,2.0,10,11
215000,9612,6,1602,2,178.0,2.0,9,32
113000,4940,5,988,2,197.6,1.0,54,54
315000,21040,8,2630,3,292.22222222222223,2.5,10,10
139000,7176,6,1196,1,170.85714285714286,1.0,52,52
135000,9723,7,1389,1,198.42857142857144,1.5,17,63
275000,11508,7,1644,2,274.0,2.0,20,20
109008,3628,4,907,1,151.16666666666666,1.0,51,51
195400,8456,7,1208,2,172.57142857142858,2.0,0,0
175000,8472,6,1412,2,201.7142857142857,2.0,21,21
85400,5922,6,987,1,197.4,1.5,37,37
79900,7188,6,1198,0,149.75,1.0,10,88
122500,6825,5,1365,2,195.0,1.5,36,36
181000,9624,6,1604,2,200.5,2.5,10,11
81000,2520,4,630,0,157.5,1.0,36,36
212000,11627,7,1661,2,237.28571428571428,2.5,13,13
116000,6708,6,1118,2,159.71428571428572,1.0,56,86
119000,5424,6,904,1,180.8,1.0,5,83
90350,3470,5,694,1,138.8,1.0,5,94
110000,7176,6,1196,2,149.5,1.0,9,89
555000,24020,10,2402,3,218.3636363636364,2.0,1,1
118000,5760,4,1440,0,160.0,2.0,53,53
162900,7865,5,1573,2,174.77777777777777,2.0,16,78
172500,8806,7,1258,3,179.71428571428572,2.0,0,1
210000,13356,7,1908,2,212.0,2.5,13,14
127500,10134,6,1689,2,211.125,1.0,53,53
190000,11328,6,1888,2,269.7142857142857,2.5,8,44
199900,13202,7,1886,2,171.45454545454547,2.5,7,8
119500,8256,6,1376,1,172.0,2.0,56,69
120000,3549,3,1183,1,169.0,1.5,5,59
110000,4878,6,813,1,135.5,1.0,1,76
280000,10731,7,1533,2,255.5,2.0,31,31
204000,10536,6,1756,2,219.5,2.5,10,11
210000,12720,8,1590,2,227.14285714285717,2.5,1,1
188000,8640,5,1728,2,192.0,2.0,30,30
175500,8694,7,1242,2,177.42857142857142,1.5,34,34
98000,6720,5,1344,3,168.0,1.0,58,92
256000,6652,4,1663,2,237.57142857142856,1.0,14,54
161000,13328,8,1666,1,208.25,1.0,12,83
110000,6015,5,1203,1,200.5,1.0,59,59
263435,15480,8,1935,2,215.0,2.5,0,0
155000,7945,7,1135,2,162.14285714285714,1.0,2,73
62383,4320,5,864,1,144.0,1.0,44,44
188700,9960,6,1660,1,237.14285714285717,1.5,13,74
124000,5200,5,1040,0,173.33333333333334,2.0,31,31
178740,9898,7,1414,2,202.0,2.0,2,2
167000,8939,7,1277,2,212.83333333333331,1.0,37,37
146500,8220,5,1644,1,205.5,1.5,12,65
250000,13072,8,1634,3,204.25,2.0,1,1
187000,10260,6,1710,2,213.75,2.5,15,15
212000,12016,8,1502,2,300.4,1.5,25,25
190000,13783,7,1969,2,218.77777777777777,2.5,30,30
148000,6432,6,1072,2,178.66666666666666,1.0,3,3
440000,15808,8,1976,3,247.0,2.0,0,1
251000,13216,8,1652,2,236.0,2.0,7,7
132500,4850,5,970,2,161.66666666666666,1.0,44,44
208900,8958,6,1493,2,186.625,2.0,10,11
380000,23787,9,2643,3,264.3,2.5,1,1
297000,13744,8,1718,3,214.75,2.0,1,2
89471,4524,4,1131,2,141.375,1.0,7,70
326000,16650,9,1850,3,205.55555555555557,2.0,1,2
374000,16128,9,1792,3,256.0,2.0,2,3
155000,12782,7,1826,1,228.25,1.5,4,94
164000,7296,6,1216,2,202.66666666666663,2.0,8,8
132500,4995,5,999,1,142.71428571428572,1.0,6,45
147000,5565,5,1113,1,185.5,1.0,2,59
156000,5365,5,1073,2,153.28571428571428,1.5,42,42
175000,7420,5,1484,2,185.5,2.0,36,36
160000,12070,5,2414,2,219.45454545454547,2.0,36,106
86000,2520,4,630,1,157.5,1.0,7,39
115000,6520,5,1304,1,260.8,1.5,32,32
133000,9468,6,1578,1,263.0,1.0,56,65
172785,8736,6,1456,2,161.77777777777777,2.5,0,0
155000,6345,5,1269,1,181.28571428571428,1.5,48,48
91300,4430,5,886,1,177.2,1.0,13,71
34900,2880,4,720,0,144.0,1.0,59,89
430000,25824,8,3228,2,293.45454545454544,3.0,14,15
184000,12740,7,1820,1,202.22222222222223,2.0,58,83
130000,4495,5,899,1,149.83333333333334,1.0,5,42
120000,4560,5,912,1,152.0,1.0,22,49
113000,7308,6,1218,1,152.25,1.5,34,34
226700,12376,7,1768,2,221.0,2.5,3,3
140000,6070,5,1214,2,173.42857142857142,1.0,42,42
289000,12607,7,1801,2,257.2857142857143,2.0,13,51
147000,7932,6,1322,2,188.8571428571429,2.5,35,35
124500,9800,5,1960,2,178.1818181818182,2.0,57,57
215000,15288,8,1911,2,212.33333333333331,2.5,12,13
208300,7308,6,1218,2,243.6,2.0,0,0
161000,9646,7,1378,2,172.25,2.0,3,80
124500,5205,5,1041,1,148.71428571428572,1.0,50,50
164900,6815,5,1363,1,194.7142857142857,1.0,9,58
202665,9576,7,1368,2,195.42857142857144,2.0,0,1
129900,4320,5,864,2,144.0,1.0,48,48
134000,6480,6,1080,2,180.0,1.5,24,24
96500,3945,5,789,1,131.5,1.0,57,81
402861,20200,10,2020,3,202.0,2.5,0,0
158000,12714,6,2119,2,264.875,2.5,37,37
265000,16408,7,2344,3,293.0,2.5,12,13
211000,10776,6,1796,2,224.5,2.5,9,9
234000,14560,7,2080,1,208.0,1.5,5,83
106250,5176,4,1294,0,161.75,2.0,8,108
150000,7464,6,1244,1,177.71428571428572,1.5,50,50
159000,9984,6,1664,2,208.0,2.0,56,59
315750,16786,7,2398,3,266.44444444444446,2.5,10,11
176000,8862,7,1266,2,180.8571428571429,2.0,1,1
132000,4640,5,928,1,185.6,1.0,7,51
446261,24417,9,2713,3,226.08333333333331,2.5,0,0
86000,2420,4,605,0,100.83333333333331,1.0,5,87
200624,15090,6,2515,2,251.5,3.0,32,50
175000,9054,6,1509,2,251.5,2.0,19,20
128000,8172,6,1362,2,194.57142857142856,2.0,9,88
107500,4135,5,827,1,137.83333333333334,1.0,3,55
39300,334,1,334,0,111.33333333333331,1.0,57,61
178000,11312,8,1414,2,202.0,2.5,2,2
107500,6735,5,1347,0,224.5,1.0,17,98
188000,12068,7,1724,2,191.55555555555557,2.5,9,10
111250,3456,4,864,2,144.0,1.0,36,36
158000,5795,5,1159,1,144.875,1.5,38,38
272000,12808,8,1601,2,228.7142857142857,2.0,8,9
315000,16542,9,1838,3,204.22222222222223,2.0,3,3
248000,18280,8,2285,3,253.88888888888889,2.5,7,7
213250,11760,7,1680,2,210.0,2.0,10,11
133000,5369,7,767,1,153.4,1.0,9,9
179665,10472,7,1496,2,187.0,2.5,0,0
229000,15281,7,2183,3,218.3,2.5,18,18
210000,9810,6,1635,2,233.57142857142856,1.5,57,84
129500,3840,5,768,2,128.0,1.0,37,37
125000,4125,5,825,2,165.0,1.0,13,53
263000,14658,7,2094,2,232.66666666666663,2.5,5,6
140000,6414,6,1069,2,213.8,2.0,31,31
112500,4640,5,928,1,154.66666666666666,1.0,51,51
255500,13736,8,1717,3,214.625,2.0,3,3
108000,4504,4,1126,2,187.66666666666663,2.0,6,60
284000,14322,7,2046,3,227.33333333333331,2.5,4,5
113000,5240,5,1048,1,174.66666666666666,1.0,56,84
141000,5460,5,1092,1,156.0,1.0,49,49
108000,5344,4,1336,1,167.0,1.5,56,86
175000,10122,7,1446,2,206.57142857142856,2.5,11,12
234000,10899,7,1557,2,194.625,2.0,2,3
121500,6960,5,1392,2,232.0,1.5,14,53
170000,6945,5,1389,2,198.42857142857144,1.0,31,32
108000,4980,5,996,0,142.28571428571428,1.0,39,68
185000,10044,6,1674,2,186.0,2.0,58,90
268000,16065,7,2295,2,229.5,2.5,6,14
128000,9882,6,1647,1,235.28571428571428,1.5,60,95
325000,22536,9,2504,3,208.66666666666663,2.5,1,3
214000,10745,7,1535,2,191.875,2.0,6,6
316600,17056,8,2132,2,355.3333333333333,1.5,0,26
135960,4715,5,943,2,188.6,1.0,27,27
142600,8640,5,1728,2,157.0909090909091,2.0,43,43
120000,5184,6,864,1,172.8,1.0,47,47
224500,11844,7,1692,2,241.7142857142857,2.5,0,0
170000,10010,7,1430,2,158.88888888888889,2.5,7,7
139000,5545,5,1109,1,184.83333333333331,1.0,2,36
118500,6080,5,1216,1,173.71428571428572,1.0,58,61
145000,10339,7,1477,1,211.0,2.0,59,81
164500,6600,5,1320,2,188.57142857142856,1.0,40,40
146000,9744,7,1392,2,232.0,2.0,1,1
131500,8975,5,1795,1,224.375,2.0,54,54
181900,8574,6,1429,2,178.625,1.0,20,47
253293,16336,8,2042,3,226.88888888888889,2.5,0,1
118500,4896,6,816,0,136.0,1.0,17,17
325000,27750,10,2775,2,277.5,3.5,8,115
133000,6292,4,1573,1,224.7142857142857,1.0,14,74
369900,16224,8,2028,3,253.5,2.0,0,1
130000,5028,6,838,1,139.66666666666666,1.0,8,90
137000,4300,5,860,2,172.0,1.0,27,27
143000,7365,5,1473,1,245.5,1.0,6,41
79500,4675,5,935,1,187.0,1.0,48,78
185900,11074,7,1582,2,226.0,2.5,4,4
451950,22960,10,2296,3,208.72727272727272,2.5,1,1
138000,4080,5,816,2,163.2,1.0,5,26
140000,5088,6,848,2,169.6,1.0,6,6
110000,4620,5,924,1,154.0,1.0,33,33
319000,14608,8,1826,3,228.25,2.0,0,1
114504,8208,6,1368,1,171.0,1.0,13,96
194201,9814,7,1402,3,175.25,1.0,0,1
217500,8235,5,1647,2,205.875,2.0,29,29
151000,9336,6,1556,2,222.28571428571428,2.5,28,28
275000,15232,8,1904,2,211.55555555555557,2.5,1,1
141000,8250,6,1375,1,196.42857142857144,1.5,57,70
220000,15320,8,1915,2,212.77777777777777,2.5,14,14
151000,8400,7,1200,2,240.0,2.5,5,6
221000,10458,7,1494,2,213.42857142857144,2.0,6,6
205000,13902,7,1986,2,248.25,2.5,19,44
152000,5200,5,1040,2,148.57142857142858,1.0,13,13
225000,10040,5,2008,1,223.11111111111111,3.0,4,58
359100,25552,8,3194,2,290.3636363636364,2.5,9,73
118500,4116,4,1029,1,171.5,1.0,46,46
313000,19377,9,2153,3,239.22222222222223,2.5,9,9
148000,6192,6,1032,2,147.42857142857142,2.0,29,29
261500,14976,8,1872,2,234.0,2.5,8,8
147000,5600,5,1120,0,160.0,1.0,0,0
75500,2520,4,630,0,157.5,1.0,38,38
137500,6324,6,1054,2,150.57142857142858,1.0,47,47
183200,9054,6,1509,2,188.625,2.5,3,4
105500,4992,6,832,2,166.4,1.0,54,54
314813,16452,9,1828,3,182.8,2.0,0,0
305000,18096,8,2262,3,205.63636363636363,2.5,5,5
67000,2592,3,864,0,144.0,1.0,58,94
240000,15684,6,2614,2,261.4,2.5,11,34
135000,4900,5,980,2,140.0,1.0,32,32
168500,9072,6,1512,2,302.4,2.5,7,7
165150,10740,6,1790,2,198.88888888888889,2.0,34,34
160000,6696,6,1116,2,186.0,1.5,48,48
139900,7110,5,1422,1,203.14285714285717,1.0,29,47
153000,9120,6,1520,1,190.0,1.0,38,55
135000,10400,5,2080,2,208.0,2.0,38,38
168500,8100,6,1350,2,192.8571428571429,1.5,44,44
124000,8750,5,1750,1,194.44444444444449,1.0,15,126
209500,12432,8,1554,2,222.0,2.0,1,1
82500,9877,7,1411,2,201.57142857142856,2.0,32,32
139400,5280,5,1056,1,150.85714285714286,1.0,2,53
144000,6336,6,1056,2,211.2,0.0,30,30
200000,20370,6,3395,0,226.33333333333331,2.0,12,93
60000,1600,2,800,0,160.0,1.0,59,73
93000,6935,5,1387,1,173.375,2.0,55,55
85000,3980,5,796,0,159.2,1.0,58,98
264561,12536,8,1567,3,195.875,2.0,0,0
274000,12144,8,1518,2,216.8571428571429,1.5,4,5
226000,13503,7,1929,2,241.125,2.5,6,6
345000,21632,8,2704,2,270.4,2.5,14,37
152000,8100,5,1620,2,202.5,2.5,38,38
370878,15894,9,1766,3,220.75,2.5,0,0
143250,5886,6,981,2,163.5,1.5,36,36
98300,5240,5,1048,2,131.0,1.0,58,58
155000,6564,6,1094,2,182.33333333333331,1.0,55,55
155000,11034,6,1839,2,229.875,1.5,44,44
84500,2520,4,630,0,157.5,1.0,37,37
205950,11655,7,1665,2,208.125,2.5,1,1
108000,6040,4,1510,1,188.75,1.0,59,69
191000,12012,7,1716,2,214.5,2.5,13,13
135000,8814,6,1469,1,183.625,1.0,13,102
350000,16904,8,2113,3,264.125,2.5,13,13
88000,6552,6,1092,1,156.0,1.5,39,39
145500,5265,5,1053,1,175.5,1.5,2,49
149000,10514,7,1502,1,214.57142857142856,1.5,8,77
97500,8748,6,1458,1,208.28571428571428,1.0,60,62
167000,7430,5,1486,2,185.75,1.0,10,45
197900,13545,7,1935,2,241.875,2.5,31,31
402000,19584,8,2448,3,272.0,2.5,4,15
110000,8352,6,1392,2,232.0,1.0,41,41
137500,4724,4,1181,2,168.71428571428572,2.0,36,36
423000,16776,8,2097,3,233.0,1.5,0,1
230500,15488,8,1936,2,242.0,2.5,6,6
129000,14280,6,2380,2,297.5,2.5,28,42
193500,10074,6,1679,2,209.875,2.0,10,14
168000,7185,5,1437,2,205.28571428571428,1.5,19,50
137500,4720,4,1180,1,196.66666666666663,1.0,56,84
173500,8856,6,1476,2,184.5,2.5,4,4
103600,8214,6,1369,1,195.57142857142856,2.0,59,84
165000,7248,6,1208,2,172.57142857142858,1.5,29,29
257500,11034,6,1839,2,229.875,2.0,3,50
140000,6816,6,1136,1,189.33333333333331,1.0,43,43
148500,8646,6,1441,2,180.125,2.5,31,31
87000,7096,4,1774,3,197.11111111111111,2.0,56,106
109500,3960,5,792,1,132.0,1.0,3,85
372500,16368,8,2046,3,255.75,2.5,1,1
128500,4940,5,988,2,164.66666666666666,1.0,46,46
143000,5538,6,923,1,153.83333333333334,2.0,30,30
159434,7600,5,1520,1,217.14285714285717,1.0,9,77
173000,7746,6,1291,2,184.42857142857144,1.0,11,12
285000,15012,9,1668,3,208.5,2.0,5,5
221000,12873,7,1839,2,229.875,2.5,12,12
207500,14630,7,2090,2,298.57142857142856,2.0,23,23
227875,12327,7,1761,2,220.125,3.0,0,0
148800,7714,7,1102,2,220.4,2.5,3,3
392000,11352,8,1419,2,177.375,2.0,0,0
194700,8172,6,1362,2,194.57142857142856,2.0,1,2
141000,5088,6,848,2,212.0,1.0,4,4
335000,17633,7,2519,2,251.9,2.5,16,17
108480,5365,5,1073,1,214.6,1.0,38,85
141500,7695,5,1539,2,256.5,1.5,59,73
176000,6822,6,1137,2,189.5,2.0,19,19
89000,3080,5,616,1,123.2,1.0,56,85
123500,5740,5,1148,1,164.0,1.0,54,54
138500,4470,5,894,1,149.0,1.0,1,45
196000,9737,7,1391,2,231.83333333333331,2.0,4,4
312500,14400,8,1800,3,225.0,2.0,4,4
140000,8148,7,1164,2,166.28571428571428,1.5,37,37
361919,20608,8,2576,3,234.1818181818182,2.5,0,0
140000,9060,5,1812,2,201.33333333333331,2.0,14,110
213000,10388,7,1484,2,185.5,2.0,5,6
55000,4368,4,1092,0,136.5,2.0,60,80
302000,12768,7,1824,2,304.0,2.0,5,36
254000,10592,8,1324,2,189.14285714285717,2.0,3,3
179540,10192,7,1456,2,161.77777777777777,2.5,0,0
109900,4520,5,904,1,129.14285714285714,1.0,42,42
52000,2187,3,729,0,121.5,1.0,5,73
102776,4712,4,1178,1,147.25,1.0,60,110
189000,9824,8,1228,2,204.66666666666663,2.0,19,20
129000,3840,4,960,2,137.14285714285714,1.0,36,36
130500,8874,6,1479,2,211.28571428571428,2.5,5,34
165000,8100,6,1350,2,168.75,2.0,35,35
159500,17878,7,2554,2,283.77777777777777,1.5,9,117
157000,5890,5,1178,2,196.33333333333331,1.5,8,35
341000,16926,7,2418,3,241.8,2.5,14,15
128500,4855,5,971,1,161.83333333333334,1.5,37,37
275000,13936,8,1742,2,290.3333333333333,2.0,21,21
143000,5088,6,848,2,212.0,1.0,6,6
124500,3456,4,864,2,144.0,1.0,39,39
135000,5880,4,1470,1,183.75,2.0,36,54
320000,15282,9,1698,3,188.66666666666663,2.0,1,2
120500,3456,4,864,2,144.0,1.0,39,39
222000,10080,6,1680,2,280.0,2.0,2,21
194500,8624,7,1232,2,176.0,2.0,2,2
110000,8880,5,1776,3,177.6,2.0,51,51
103000,4832,4,1208,2,201.33333333333331,1.0,59,84
236500,12928,8,1616,2,269.3333333333333,2.0,14,15
187500,8022,7,1146,2,163.71428571428572,2.0,4,4
222500,14217,7,2031,2,225.66666666666663,2.5,9,10
131400,5720,5,1144,1,163.42857142857142,1.0,26,48
108000,4740,5,948,1,135.42857142857142,1.0,39,39
163000,12376,7,1768,2,252.57142857142856,1.5,36,92
93500,3120,3,1040,2,148.57142857142858,2.0,56,56
239900,14408,8,1801,3,200.11111111111111,2.5,1,1
179000,6000,5,1200,0,200.0,3.0,21,22
190000,12096,7,1728,2,216.0,2.5,5,5
132000,7160,5,1432,2,179.0,2.0,5,97
142000,5472,6,912,1,152.0,1.0,12,47
179000,9443,7,1349,2,192.7142857142857,2.0,6,7
175000,7320,5,1464,2,209.14285714285717,2.0,10,46
180000,10696,8,1337,2,222.83333333333331,2.0,15,15
299800,21720,8,2715,2,226.25,3.5,12,32
236000,15792,7,2256,2,250.66666666666663,2.5,9,9
265979,18480,7,2640,4,293.3333333333333,1.5,6,129
260400,12040,7,1720,2,215.0,2.0,14,14
98000,6116,4,1529,1,152.9,2.0,59,64
96500,4560,4,1140,0,142.5,1.0,6,100
162000,9240,7,1320,2,188.57142857142856,2.5,4,4
217000,8964,6,1494,2,213.42857142857144,2.0,9,9
275500,16784,8,2098,3,233.11111111111111,2.5,1,1
156000,6156,6,1026,2,171.0,1.0,4,40
172500,8826,6,1471,2,210.14285714285717,2.5,10,10
212000,14144,8,1768,2,221.0,2.5,2,2
158900,8316,6,1386,2,198.0,2.5,32,32
179400,10507,7,1501,2,214.42857142857144,2.5,9,9
290000,20248,8,2531,3,253.1,2.5,12,12
127500,5184,6,864,1,144.0,1.0,50,50
100000,6505,5,1301,2,216.83333333333331,1.0,59,85
215200,10829,7,1547,2,193.375,2.5,1,1
337000,18920,8,2365,3,262.77777777777777,2.5,10,10
270000,11952,8,1494,2,213.42857142857144,1.5,10,11
264132,13554,9,1506,2,215.14285714285717,2.0,0,0
196500,11998,7,1714,2,214.25,2.5,22,22
160000,10500,6,1750,1,218.75,2.0,23,68
216837,12852,7,1836,2,204.0,2.0,1,2
538000,26232,8,3279,3,252.23076923076923,3.5,7,7
134900,4290,5,858,2,143.0,1.0,27,27
102000,4880,4,1220,2,174.28571428571428,1.0,55,55
107000,6702,6,1117,2,159.57142857142858,1.0,34,34
114500,4560,5,912,1,152.0,1.0,49,49
395000,15784,8,1973,3,197.3,2.0,1,1
162000,7224,6,1204,2,200.66666666666663,2.0,11,11
221500,11298,7,1614,3,201.75,2.0,0,1
142500,4470,5,894,2,149.0,1.0,32,32
144000,10100,5,2020,2,183.63636363636363,2.0,30,30
135000,6024,6,1004,2,200.8,1.0,29,29
176000,8771,7,1253,2,179.0,2.0,11,12
175900,9618,6,1603,2,200.375,2.5,14,14
187100,10010,7,1430,2,204.28571428571428,2.0,7,8
165500,5550,5,1110,2,222.0,1.0,31,31
128000,8904,6,1484,0,148.4,2.0,7,94
161500,8052,6,1342,2,167.75,2.0,42,42
139000,8260,5,1652,1,206.5,2.0,60,95
233000,14588,7,2084,2,231.55555555555557,2.5,6,6
107900,3604,4,901,1,180.2,1.0,8,54
187500,12522,6,2087,2,208.7,2.5,0,41
160200,8015,7,1145,2,190.83333333333331,2.0,3,4
146800,6372,6,1062,2,177.0,1.0,31,31
269790,14091,7,2013,2,223.66666666666663,2.5,10,11
225000,11968,8,1496,2,187.0,2.0,0,0
194500,13265,7,1895,2,236.875,2.5,12,14
171000,9384,6,1564,2,195.5,2.5,29,30
143500,7710,6,1285,2,160.625,1.5,30,30
110000,3865,5,773,1,154.6,1.0,55,55
485000,28260,9,3140,3,261.6666666666667,3.5,0,1
175000,8840,5,1768,1,221.0,1.5,57,70
200000,10128,6,1688,2,187.55555555555557,2.5,11,11
109900,4784,4,1196,2,199.33333333333331,1.0,17,91
189000,10192,7,1456,2,182.0,2.5,3,3
582933,25398,9,2822,3,217.07692307692307,3.5,0,1
118000,5640,5,1128,1,188.0,1.0,52,52
227680,9996,7,1428,2,204.0,2.0,0,0
135500,4900,5,980,1,140.0,2.0,39,39
223500,7880,5,1576,2,225.14285714285717,1.5,5,86
159950,5430,5,1086,2,155.14285714285714,1.0,40,40
106000,10690,5,2138,2,178.16666666666666,2.0,44,111
181000,7854,6,1309,2,218.16666666666663,1.5,7,32
144500,5088,6,848,2,169.6,1.0,4,4
55993,5220,5,1044,2,208.8,1.0,58,58
157900,8652,6,1442,1,180.25,1.5,49,49
116000,6250,5,1250,1,156.25,1.5,56,88
224900,11627,7,1661,2,237.28571428571428,2.0,12,12
137000,5040,5,1008,1,201.6,1.0,52,52
271000,13512,8,1689,3,211.125,2.0,6,6
155000,6312,6,1052,2,150.28571428571428,1.0,39,39
224000,9506,7,1358,2,194.0,2.0,0,1
183000,11480,7,1640,2,234.28571428571428,2.5,5,5
93000,3744,4,936,2,187.2,1.0,56,56
225000,12131,7,1733,2,216.625,2.5,4,4
139500,8934,6,1489,1,186.125,2.0,59,69
232600,11912,8,1489,2,186.125,2.0,0,0
385000,20840,10,2084,3,260.5,2.0,0,1
109500,3920,5,784,0,130.66666666666666,1.0,58,84
189000,10038,7,1434,2,204.8571428571429,2.0,8,8
185000,10630,5,2126,2,265.75,2.5,42,42
147400,8561,7,1223,2,244.6,2.5,1,1
166000,8352,6,1392,2,198.8571428571429,1.5,51,51
151000,8400,7,1200,2,240.0,2.5,1,1
237000,12803,7,1829,2,228.625,2.5,7,7
167000,9096,6,1516,2,216.57142857142856,1.5,45,45
139950,5720,5,1144,2,163.42857142857142,1.0,47,47
128000,4268,4,1067,2,213.4,2.0,15,60
153500,7795,5,1559,2,259.8333333333333,1.0,34,59
100000,5922,6,987,1,164.5,1.5,35,35
144000,5495,5,1099,1,157.0,1.5,2,13
130500,6000,5,1200,1,171.42857142857142,1.0,13,62
140000,8892,6,1482,1,185.25,2.0,58,83
157500,7695,5,1539,2,171.0,2.0,6,104
174900,6990,6,1165,2,166.42857142857142,1.5,42,42
141000,9000,5,1800,0,163.63636363636363,2.0,46,46
153900,7080,5,1416,3,177.0,1.5,58,93
171000,8505,5,1701,2,243.0,2.0,26,32
213000,12425,7,1775,2,221.875,2.5,16,16
133500,4320,5,864,1,144.0,1.0,37,37
240000,14148,6,2358,2,214.3636363636364,3.0,11,100
187000,11130,6,1855,2,231.875,2.5,13,31
131500,5088,6,848,2,212.0,1.0,4,4
215000,11648,8,1456,2,182.0,2.0,3,3
164000,11522,7,1646,1,205.75,2.0,57,66
158000,8670,6,1445,2,180.625,1.5,45,45
170000,8895,5,1779,2,254.14285714285717,1.5,32,51
127000,5200,5,1040,1,148.57142857142858,1.5,0,48
147000,6156,6,1026,2,171.0,1.0,30,30
174000,8886,6,1481,2,211.57142857142856,2.5,14,15
152000,9590,7,1370,2,195.7142857142857,2.0,33,33
250000,15924,6,2654,2,265.4,2.5,22,38
189950,9982,7,1426,1,178.25,1.5,9,89
131500,5195,5,1039,2,148.42857142857142,1.5,45,45
152000,6582,6,1097,2,156.71428571428572,2.0,25,26
132500,5740,5,1148,1,164.0,1.0,50,50
250580,9604,7,1372,2,196.0,2.0,0,1
148500,5010,5,1002,2,167.0,1.0,39,39
248900,13168,8,1646,3,235.14285714285717,2.0,0,1
129000,4480,4,1120,2,186.66666666666663,1.5,46,46
169000,11600,5,2320,2,290.0,2.0,56,58
236000,13643,7,1949,2,216.55555555555557,2.5,16,17
109500,4470,5,894,1,149.0,1.0,47,47
200500,10092,6,1682,2,210.25,2.5,12,12
116000,4550,5,910,2,151.66666666666666,1.0,12,55
133000,6340,5,1268,1,181.14285714285717,1.0,59,60
66500,5655,5,1131,1,188.5,1.5,59,68
303477,20880,8,2610,2,217.5,2.5,0,0
132250,4160,4,1040,2,173.33333333333334,1.0,44,44
350000,20016,9,2224,3,202.1818181818182,2.5,4,5
148000,5775,5,1155,2,165.0,1.0,15,49
136500,4320,5,864,1,123.42857142857144,1.0,4,31
157000,5450,5,1090,2,181.66666666666663,1.5,1,2
187500,12019,7,1717,2,214.625,2.5,16,17
178000,9558,6,1593,2,199.125,2.5,16,17
118500,8920,4,2230,1,202.72727272727272,1.0,56,94
100000,4460,5,892,1,148.66666666666666,1.0,42,42
328900,15381,9,1709,2,284.8333333333333,2.0,8,9
145000,8560,5,1712,2,190.22222222222223,2.0,1,47
135500,6965,5,1393,1,154.77777777777777,1.5,53,53
268000,17736,8,2217,2,246.33333333333331,2.0,37,37
149500,9030,6,1505,2,215.0,1.0,56,56
122900,4620,5,924,2,132.0,1.0,1,58
172500,10098,6,1683,2,210.375,2.5,31,31
154500,6408,6,1068,1,152.57142857142858,1.0,3,43
165000,6915,5,1383,1,197.57142857142856,1.0,54,54
118858,7675,5,1535,2,170.55555555555554,2.0,30,30
140000,10776,6,1796,2,199.55555555555557,1.5,45,45
106500,3804,4,951,1,135.85714285714286,1.0,56,70
142953,11200,5,2240,2,172.30769230769232,2.0,30,30
611657,21276,9,2364,3,197.0,2.5,0,1
135000,6180,5,1236,1,176.57142857142858,1.0,12,45
110000,3432,4,858,1,171.6,1.0,36,36
153000,6530,5,1306,1,217.66666666666663,1.0,9,52
180000,10563,7,1509,2,167.66666666666666,2.5,3,3
240000,11690,7,1670,3,208.75,2.0,0,0
125500,4510,5,902,1,128.85714285714286,1.0,40,40
128000,5315,5,1063,1,151.85714285714286,1.0,56,56
255000,13088,8,1636,3,181.77777777777777,2.0,1,1
250000,14399,7,2057,1,293.85714285714283,1.5,19,70
131000,4510,5,902,2,150.33333333333334,1.0,23,23
174000,8904,6,1484,2,164.88888888888889,2.5,4,4
154300,11370,5,2274,2,174.92307692307693,2.0,50,50
143500,6340,5,1268,1,211.33333333333331,1.5,20,32
88000,5075,5,1015,1,145.0,1.0,56,81
145000,10010,5,2002,3,222.44444444444449,2.0,57,58
173733,7344,6,1224,2,244.8,2.5,0,0
75000,4368,4,1092,1,156.0,1.5,37,37
35311,960,2,480,1,96.0,0.0,56,57
135000,4916,4,1229,1,175.57142857142858,1.0,53,53
238000,14889,7,2127,3,236.33333333333331,2.5,16,16
176500,8484,6,1414,2,202.0,1.0,6,50
201000,10326,6,1721,2,215.125,2.5,13,13
145900,11000,5,2200,0,220.0,3.0,5,108
169990,7896,6,1316,2,188.0,2.0,0,1
193000,9702,6,1617,2,269.5,2.0,14,15
207500,10116,6,1686,2,210.75,2.0,26,26
175000,5630,5,1126,2,160.85714285714286,2.0,31,31
285000,18992,8,2374,3,215.8181818181818,2.5,3,4
176000,13846,7,1978,2,197.8,2.5,40,40
236500,14304,8,1788,2,223.5,2.0,8,8
222000,15652,7,2236,2,248.44444444444449,2.5,9,9
201000,11728,8,1466,3,183.25,2.0,2,2
117500,4625,5,925,1,154.16666666666666,1.0,44,44
320000,17145,9,1905,3,211.66666666666663,2.0,1,1
190000,10500,7,1500,2,214.28571428571428,2.0,5,5
242000,14483,7,2069,2,206.9,2.0,1,48
79900,2988,4,747,2,124.5,1.0,53,80
184900,8400,7,1200,2,200.0,2.0,6,6
253000,13797,7,1971,2,219.0,2.5,4,4
239799,13734,7,1962,3,245.25,2.5,0,0
244400,16821,7,2403,1,218.45454545454547,2.0,60,70
150900,10368,6,1728,2,192.0,2.0,30,30
214000,14420,7,2060,2,228.88888888888889,2.5,10,10
150000,5760,4,1440,0,160.0,2.0,30,30
143000,8160,5,1632,2,181.33333333333331,2.0,40,40
137500,8064,6,1344,2,168.0,1.0,51,51
124900,9345,5,1869,2,233.625,1.0,13,119
143000,5720,5,1144,1,163.42857142857142,1.0,47,47
270000,13032,8,1629,3,162.9,2.0,4,5
192500,12432,7,1776,2,222.0,2.5,4,4
197500,8286,6,1381,2,230.16666666666663,1.5,4,38
129000,4320,5,864,2,144.0,1.0,5,57
119900,4825,5,965,1,137.85714285714286,1.0,41,41
133900,3840,5,768,1,128.0,1.0,6,37
172000,9840,5,1968,2,246.0,2.5,39,39
127500,5880,6,980,0,196.0,2.0,31,31
145000,11748,6,1958,2,217.55555555555557,2.0,57,61
124000,7374,6,1229,2,204.83333333333331,1.5,29,29
132000,5285,5,1057,2,151.0,1.0,45,45
185000,9359,7,1337,2,191.0,2.0,4,4
155000,9912,7,1416,2,202.28571428571428,2.5,11,11
116500,4290,5,858,0,171.6,1.0,2,52
272000,17232,6,2872,2,239.33333333333331,2.5,13,31
155000,9288,6,1548,2,193.5,2.5,31,31
239000,16200,9,1800,2,225.0,2.0,2,2
214900,13258,7,1894,2,210.44444444444449,2.5,7,8
178900,8904,6,1484,2,164.88888888888889,2.5,0,2
160000,6540,5,1308,1,163.5,1.5,59,69
135000,5490,5,1098,1,156.85714285714286,1.0,53,53
37900,2904,3,968,0,138.28571428571428,1.0,59,99
140000,6570,6,1095,1,156.42857142857142,1.0,48,48
135000,4768,4,1192,0,170.28571428571428,1.5,56,57
173000,11382,7,1626,2,232.28571428571428,2.0,5,6
99500,5508,6,918,1,153.0,2.0,31,31
182000,9996,7,1428,2,204.0,2.0,0,1
167500,14133,7,2019,2,224.33333333333331,1.0,16,99
165000,9674,7,1382,2,197.42857142857144,2.5,6,6
85500,3476,4,869,0,173.8,1.0,48,83
199900,8687,7,1241,2,248.2,1.5,0,1
110000,3576,4,894,2,149.0,1.0,53,53
139000,5605,5,1121,2,186.83333333333331,1.0,46,46
178400,6993,7,999,2,142.71428571428572,1.0,1,47
336000,20896,8,2612,3,290.22222222222223,2.5,10,11
159895,8862,7,1266,2,180.8571428571429,2.0,1,1
255900,18320,8,2290,2,229.0,2.5,6,6
126000,8670,5,1734,2,192.66666666666663,2.0,32,32
125000,5820,5,1164,1,194.0,1.0,58,58
117000,9810,6,1635,1,272.5,1.0,3,96
395192,17460,9,1940,3,215.55555555555557,2.5,0,1
195000,12180,6,2030,2,225.55555555555557,2.5,31,31
197000,11032,7,1576,2,225.14285714285717,2.5,0,0
348000,19136,8,2392,3,299.0,2.5,8,9
168000,13936,8,1742,2,193.55555555555557,1.5,23,127
187000,11106,6,1851,2,231.375,2.5,14,43
173900,9000,6,1500,2,214.28571428571428,2.5,0,1
337500,17180,10,1718,3,214.75,2.0,2,3
121600,4920,4,1230,1,205.0,1.5,56,60
136500,5250,5,1050,1,150.0,1.0,45,45
185000,8652,6,1442,2,206.0,2.0,39,39
91000,3231,3,1077,1,153.85714285714286,1.0,56,84
206000,8456,7,1208,2,172.57142857142858,2.0,4,4
82000,2832,3,944,2,188.8,1.0,57,57
86000,3455,5,691,1,138.2,1.0,57,87
232000,12592,8,1574,3,196.75,2.0,2,2
136905,8400,5,1680,2,186.66666666666663,2.0,31,31
181000,10528,7,1504,2,188.0,2.0,3,4
149900,4925,5,985,1,140.71428571428572,2.0,31,31
163500,9942,6,1657,2,207.125,2.0,37,37
88000,4368,4,1092,1,156.0,1.5,39,39
240000,11970,7,1710,2,213.75,2.0,4,5
102000,7610,5,1522,0,190.25,2.0,56,80
135000,6355,5,1271,1,158.875,2.0,58,60
100000,8320,5,1664,0,184.88888888888889,2.0,45,45
165000,9012,6,1502,1,187.75,1.5,11,84
85000,5110,5,1022,1,204.4,1.0,3,99
119200,6492,6,1082,1,180.33333333333331,1.0,57,59
227000,13320,8,1665,2,237.8571428571429,2.5,8,8
203000,10528,7,1504,2,214.8571428571429,2.0,13,13
187500,10880,8,1360,2,272.0,1.0,25,25
160000,10304,7,1472,2,184.0,2.5,15,16
213490,10542,7,1506,2,215.14285714285717,2.0,1,1
176000,4528,4,1132,2,188.66666666666663,1.5,3,3
194000,8540,7,1220,2,174.28571428571428,2.0,0,0
87000,6240,5,1248,1,178.28571428571428,1.0,57,77
191000,10528,7,1504,2,188.0,2.0,2,3
287000,23184,8,2898,2,263.45454545454544,2.0,32,32
112500,4410,5,882,2,147.0,1.0,35,35
167500,6320,5,1264,2,180.57142857142856,1.0,50,50
293077,13168,8,1646,3,205.75,2.0,0,1
105000,6880,5,1376,1,196.57142857142856,1.0,57,66
118000,7308,6,1218,1,152.25,1.5,34,34
160000,9640,5,1928,0,175.27272727272728,2.0,11,90
197000,21574,7,3082,2,237.07692307692307,2.5,39,89
310000,20160,8,2520,3,229.0909090909091,2.5,13,13
230000,11578,7,1654,3,236.28571428571428,2.0,4,4
119750,4770,5,954,1,159.0,1.0,57,69
84000,3380,4,845,1,140.83333333333334,1.0,52,52
315500,14580,9,1620,3,231.42857142857144,2.0,1,2
287000,18104,8,2263,2,282.875,2.5,6,7
97000,5376,4,1344,0,192.0,1.5,1,39
80000,2520,4,630,1,157.5,1.0,39,39
155000,9015,5,1803,2,200.33333333333331,2.0,6,49
173000,9792,6,1632,2,204.0,1.5,8,42
196000,7836,6,1306,2,217.66666666666663,2.0,4,4
262280,16303,7,2329,2,211.72727272727272,2.5,18,18
278000,20192,8,2524,2,252.4,2.5,28,28
139600,5199,3,1733,2,192.55555555555557,2.0,54,54
556581,25812,9,2868,3,239.0,3.5,0,1
145000,4950,5,990,2,165.0,1.0,13,14
115000,8855,5,1771,2,177.1,1.0,3,49
84900,3720,4,930,1,132.85714285714286,1.0,4,64
176485,9114,7,1302,2,186.0,2.0,0,0
200141,9212,7,1316,2,188.0,2.0,0,0
165000,11862,6,1977,2,197.7,1.5,29,43
144500,7630,5,1526,1,190.75,1.0,8,53
255000,15912,8,1989,2,248.625,2.5,4,4
180000,9138,6,1523,2,190.375,2.0,32,32
185850,9548,7,1364,2,194.8571428571429,2.0,1,1
248000,12950,7,1850,2,231.25,2.5,15,15
335000,19656,9,2184,3,198.54545454545453,2.5,1,1
220000,11946,6,1991,2,248.875,1.5,57,75
213500,10704,8,1338,2,191.14285714285717,2.0,9,9
81000,2682,3,894,3,127.71428571428572,1.0,58,73
90000,11685,5,2337,2,212.45454545454547,2.0,57,107
110500,6618,6,1103,2,183.83333333333331,1.0,26,81
154000,5770,5,1154,2,164.85714285714286,1.5,43,43
328000,15820,7,2260,2,282.5,2.5,13,14
178000,9426,6,1571,2,196.375,2.5,15,16
167900,9666,6,1611,2,201.375,1.5,44,44
151400,15126,6,2521,2,229.1818181818182,2.5,33,33
135000,4465,5,893,2,178.6,1.0,4,58
135000,5240,5,1048,1,149.71428571428572,1.0,51,51
154000,9336,6,1556,2,172.88888888888889,1.5,41,41
91500,7280,5,1456,1,182.0,1.0,56,58
159500,8556,6,1426,2,203.7142857142857,1.5,32,32
194000,8680,7,1240,3,206.66666666666663,2.0,1,1
219500,12180,7,1740,1,248.57142857142856,1.5,23,67
170000,7330,5,1466,2,183.25,2.0,17,70
138800,5480,5,1096,1,156.57142857142858,1.0,37,37
155900,5088,6,848,2,212.0,1.0,2,2
126000,4950,5,990,1,165.0,1.0,13,13
145000,7548,6,1258,2,209.66666666666663,2.0,4,37
133000,5200,5,1040,1,173.33333333333334,1.5,47,47
192000,10213,7,1459,2,208.42857142857144,2.0,5,5
160000,7506,6,1251,1,178.71428571428572,1.0,42,42
187500,8988,6,1498,2,214.0,2.5,10,11
147000,5976,6,996,2,166.0,1.0,18,18
83500,4368,4,1092,1,156.0,1.5,37,37
252000,15624,8,1953,3,195.3,2.5,3,4
137500,11963,7,1709,2,213.625,2.0,2,2
197000,9976,8,1247,2,249.4,1.5,1,1
92900,3120,3,1040,2,148.57142857142858,2.0,59,59
160000,8764,7,1252,2,250.4,2.5,8,9
136500,10164,6,1694,2,211.75,2.0,58,83
146000,6000,5,1200,2,171.42857142857142,1.5,8,41
129000,4680,5,936,1,187.2,1.0,10,54
176432,7884,6,1314,2,187.7142857142857,2.0,1,1
127000,8130,6,1355,0,169.375,1.5,1,93
170000,8704,8,1088,2,181.33333333333331,1.5,21,21
128000,5296,4,1324,1,189.14285714285717,1.0,59,73
157000,11207,7,1601,2,200.125,2.0,31,31
60000,876,2,438,1,109.5,1.0,59,89
119500,4750,5,950,1,158.33333333333334,1.0,36,36
135000,5670,5,1134,1,162.0,1.0,5,47
159500,7164,6,1194,2,170.57142857142858,1.0,47,47
106000,6510,5,1302,2,186.0,2.5,37,37
325000,20976,8,2622,2,262.2,2.5,15,16
179900,10094,7,1442,2,206.0,2.0,16,17
274725,14147,7,2021,2,202.1,2.5,0,0
181000,10140,6,1690,2,211.25,2.5,7,7
280000,14688,8,1836,3,229.5,2.0,4,5
188000,9948,6,1658,2,184.22222222222223,2.5,12,13
205000,13748,7,1964,2,218.22222222222223,2.5,32,32
129900,4080,5,816,1,136.0,1.0,49,49
134500,5040,5,1008,1,144.0,1.0,1,54
117000,4165,5,833,1,166.6,1.0,6,52
318000,13872,8,1734,3,216.75,2.0,0,0
184100,11352,8,1419,2,177.375,2.5,7,7
130000,4470,5,894,2,149.0,1.0,5,41
140000,8005,5,1601,1,228.7142857142857,1.0,21,50
133700,5200,5,1040,1,148.57142857142858,1.0,47,47
118400,6072,6,1012,1,144.57142857142858,1.0,57,87
212900,10864,7,1552,3,194.0,2.0,0,1
112000,3840,4,960,1,160.0,1.0,53,53
118000,3490,5,698,0,139.6,1.0,1,62
163900,10374,7,1482,2,185.25,2.5,15,15
115000,4020,4,1005,2,167.5,1.0,54,54
174000,10885,7,1555,3,194.375,2.0,2,2
259000,10710,7,1530,3,191.25,2.0,3,3
215000,13713,7,1959,2,217.66666666666663,2.5,2,3
140000,4680,5,936,2,187.2,1.0,27,27
135000,7924,4,1981,2,247.625,2.0,59,81
93500,4870,5,974,0,162.33333333333334,1.0,15,16
117500,13260,6,2210,1,245.55555555555557,2.0,57,127
239500,16160,8,2020,2,224.44444444444449,2.5,14,14
169000,9600,6,1600,2,200.0,2.5,10,10
102000,5916,6,986,1,164.33333333333334,1.0,57,81
119000,7512,6,1252,1,178.85714285714286,1.0,58,58
94000,5100,5,1020,0,145.71428571428572,1.0,14,135
196000,9402,6,1567,2,261.1666666666667,2.0,32,32
144000,5835,5,1167,2,166.71428571428572,1.0,57,87
139000,4760,5,952,2,190.4,1.0,57,57
197500,9340,5,1868,2,186.8,2.5,33,33
424870,22624,8,2828,3,235.66666666666663,3.0,0,1
80000,5030,5,1006,0,167.66666666666666,1.0,49,49
80000,3696,4,924,1,154.0,1.0,60,69
149000,7880,5,1576,1,175.11111111111111,1.0,56,78
180000,7788,6,1298,2,216.33333333333331,2.0,21,21
174500,10948,7,1564,1,195.5,1.5,59,68
116900,7777,7,1111,1,185.16666666666663,1.0,58,82
143000,10374,7,1482,2,185.25,1.0,21,89
124000,5592,6,932,1,186.4,1.0,57,57
149900,7330,5,1466,2,209.42857142857144,1.5,47,47
230000,10866,6,1811,2,258.7142857142857,1.0,2,50
120500,4896,6,816,1,136.0,1.0,1,78
201800,12740,7,1820,2,202.22222222222223,2.0,20,43
218000,7185,5,1437,2,205.28571428571428,2.0,3,31
179900,6325,5,1265,2,180.7142857142857,2.0,9,43
230000,9198,7,1314,2,187.7142857142857,2.0,1,2
235128,12640,8,1580,3,197.5,2.0,0,1
185000,11256,6,1876,2,208.44444444444449,2.5,34,34
146000,8736,6,1456,2,182.0,2.5,32,32
224000,9840,6,1640,2,205.0,1.0,2,54
129000,4470,5,894,2,149.0,1.0,39,39
108959,5032,4,1258,2,179.71428571428572,1.0,39,39
194000,7160,5,1432,2,238.66666666666663,1.5,29,29
233170,10514,7,1502,2,187.75,2.0,0,0
245350,13552,8,1694,3,211.75,2.0,2,2
173000,10026,6,1671,2,208.875,2.5,6,6
235000,12648,6,2108,2,263.5,2.0,22,73
625000,36270,10,3627,3,329.72727272727275,3.5,10,11
171000,6708,6,1118,1,159.71428571428572,1.0,31,31
163000,7566,6,1261,2,180.14285714285714,1.0,50,50
171900,8750,7,1250,2,208.33333333333331,2.5,1,2
200500,15430,5,3086,0,237.3846153846154,3.0,13,61
239000,14070,6,2345,2,234.5,2.5,56,74
285000,22976,8,2872,2,287.2,2.5,7,15
119500,4615,5,923,1,153.83333333333334,1.0,23,24
115000,7344,6,1224,1,204.0,1.0,5,83
154900,6715,5,1343,1,167.875,1.5,59,88
93000,5620,5,1124,0,187.33333333333331,1.0,52,52
250000,17598,7,2514,2,279.3333333333333,2.5,15,16
392500,13216,8,1652,2,275.3333333333333,2.0,0,0
120000,5650,5,1130,2,188.33333333333331,1.0,56,86
186700,7860,5,1572,3,262.0,1.5,44,44
104900,6105,5,1221,1,152.625,1.0,56,82
95000,5097,3,1699,2,212.375,2.0,39,109
262000,12992,8,1624,3,270.6666666666667,2.0,11,12
195000,11620,7,1660,2,207.5,2.5,7,7
189000,12628,7,1804,2,225.5,2.5,11,11
168000,6488,4,1622,4,202.75,1.0,32,46
174000,11528,8,1441,2,240.16666666666663,2.5,7,8
125000,7360,5,1472,1,210.28571428571428,1.0,13,82
165000,7344,6,1224,2,204.0,2.0,10,10
158000,8112,6,1352,1,169.0,1.5,41,41
176000,8736,6,1456,2,161.77777777777777,2.5,3,3
219210,13041,7,1863,3,186.3,2.5,0,0
144000,11830,7,1690,1,211.25,1.0,56,90
178000,8484,7,1212,2,173.14285714285714,2.0,8,8
148000,5528,4,1382,2,197.42857142857144,1.5,27,43
116050,3456,4,864,1,144.0,1.0,36,36
197900,12453,7,1779,2,254.14285714285717,2.5,11,11
117000,6740,5,1348,1,224.66666666666663,1.0,12,84
213000,11410,7,1630,2,232.8571428571429,2.0,8,9
153500,5370,5,1074,2,153.42857142857142,1.5,31,31
271900,15372,7,2196,3,274.5,2.0,18,19
107000,4224,4,1056,1,176.0,1.0,40,40
200000,10200,6,1700,2,212.5,2.0,3,3
140000,6415,5,1283,2,183.28571428571428,1.0,28,46
290000,13280,8,1660,2,184.44444444444449,2.0,0,0
189000,11070,6,1845,2,205.0,2.5,18,18
164000,14016,8,1752,2,194.66666666666663,2.0,5,22
113000,2688,4,672,1,134.4,1.0,59,68
145000,3840,4,960,1,240.0,0.0,5,41
134500,4995,5,999,1,142.71428571428572,1.0,44,44
125000,4470,5,894,1,149.0,1.0,41,41
112000,11412,6,1902,2,211.33333333333331,2.0,32,32
229456,10512,8,1314,2,187.7142857142857,2.0,0,0
80500,3648,4,912,0,228.0,1.0,56,59
91500,7308,6,1218,0,152.25,1.5,35,35
115000,4560,5,912,1,152.0,1.0,42,42
134000,6055,5,1211,1,201.83333333333331,1.0,40,40
143000,11076,6,1846,1,230.75,2.0,57,58
137900,10680,5,2136,2,267.0,2.0,55,55
184000,10430,7,1490,2,165.55555555555554,2.5,3,4
145000,6828,6,1138,1,162.57142857142858,1.0,49,49
214000,11598,6,1933,3,193.3,2.5,1,1
147000,4560,5,912,2,152.0,1.0,0,43
367294,15318,9,1702,3,212.75,1.5,0,0
127000,7535,5,1507,1,188.375,2.0,48,48
190000,13100,5,2620,2,201.53846153846155,3.0,30,30
132500,5950,5,1190,2,170.0,1.0,44,44
101800,4896,4,1224,2,174.85714285714286,2.0,45,45
142000,5940,5,1188,2,169.71428571428572,1.0,51,51
130000,9820,5,1964,0,245.5,1.5,58,97
138887,8920,5,1784,1,178.4,1.5,56,92
175500,11382,7,1626,2,232.28571428571428,2.5,7,7
195000,13636,7,1948,2,216.44444444444449,2.5,1,2
142500,6846,6,1141,2,163.0,1.5,1,1
265900,11872,8,1484,2,212.0,2.0,1,1
224900,12376,7,1768,2,196.44444444444449,2.5,5,5
248328,11823,7,1689,3,211.125,2.0,0,0
170000,8211,7,1173,2,167.57142857142858,2.0,36,36
465000,20760,10,2076,3,259.5,2.5,0,0
230000,12136,8,1517,2,189.625,1.0,56,77
178000,11208,6,1868,2,233.5,3.5,4,23
186500,10871,7,1553,2,221.8571428571429,2.5,0,1
169900,6204,6,1034,3,147.71428571428572,1.0,34,34
129500,12348,6,2058,2,228.66666666666663,1.5,58,91
119000,4940,5,988,1,141.14285714285714,1.0,57,57
244000,14770,7,2110,2,234.44444444444449,2.5,42,42
171750,9835,7,1405,2,200.7142857142857,2.0,3,3
130000,4370,5,874,1,145.66666666666666,1.0,41,41
294000,15169,7,2167,2,216.7,2.5,4,33
165400,11592,7,1656,2,207.0,2.5,4,5
127500,8202,6,1367,1,195.28571428571428,1.0,57,76
301500,15896,8,1987,2,248.375,2.0,14,14
99900,4320,5,864,0,172.8,1.0,59,87
190000,8162,7,1166,2,194.33333333333331,2.0,3,3
151000,6324,6,1054,2,150.57142857142858,1.5,39,39
181000,10050,6,1675,2,209.375,2.5,10,10
128900,5250,5,1050,1,175.0,1.0,53,53
161500,7152,4,1788,1,198.66666666666663,1.0,20,52
180500,10944,6,1824,2,202.66666666666663,1.0,57,88
181000,8022,6,1337,2,222.83333333333331,2.0,9,10
183900,10164,7,1452,2,207.42857142857144,2.5,7,7
122000,13223,7,1889,1,188.9,1.5,57,97
378500,18162,9,2018,3,183.45454545454547,2.0,1,2
381000,27576,8,3447,3,287.25,3.5,11,73
144000,7620,5,1524,1,190.5,1.5,49,49
260000,10668,7,1524,2,304.8,0.5,31,31
185750,8934,6,1489,2,186.125,2.0,41,41
137000,4675,5,935,1,155.83333333333334,1.0,41,41
177000,8142,6,1357,1,226.16666666666663,1.0,2,49
139000,6250,5,1250,2,138.88888888888889,2.0,4,97
137000,9600,5,1920,2,174.54545454545453,2.0,57,59
162000,8370,6,1395,2,199.28571428571428,1.5,37,37
197900,10344,6,1724,2,215.5,1.5,33,42
237000,16248,8,2031,2,253.875,2.5,6,6
68400,4512,4,1128,2,161.14285714285714,1.0,60,90
227000,11011,7,1573,2,224.7142857142857,2.0,7,7
180000,9373,7,1339,2,191.28571428571428,2.0,16,16
150500,5200,5,1040,2,173.33333333333334,2.0,1,32
139000,10944,6,1824,0,202.66666666666663,3.0,39,39
169000,14682,6,2447,1,222.45454545454547,2.0,20,91
132500,8472,6,1412,1,201.7142857142857,1.0,59,70
143000,7968,6,1328,2,189.7142857142857,1.5,47,47
190000,7910,5,1582,2,197.75,2.0,42,42
278000,13272,8,1659,2,276.5,2.0,9,9
281000,15760,8,1970,3,218.88888888888889,2.5,0,0
180500,5760,5,1152,2,164.57142857142858,1.0,46,46
119500,6510,5,1302,1,186.0,2.5,37,37
107500,11860,5,2372,1,197.66666666666663,2.0,44,117
162900,11648,7,1664,2,184.88888888888889,2.5,30,30
115000,4320,5,864,2,144.0,1.0,16,51
138500,5260,5,1052,1,175.33333333333334,1.5,38,38
155000,5640,5,1128,2,161.14285714285714,2.0,45,45
140000,6432,6,1072,2,178.66666666666666,2.0,0,1
154000,6230,5,1246,1,178.0,1.5,16,51
225000,13881,7,1983,2,198.3,2.5,10,10
177500,8964,6,1494,1,186.75,1.0,59,67
290000,20208,8,2526,3,280.6666666666667,2.5,12,12
232000,11312,7,1616,3,202.0,2.0,1,1
130000,11956,7,1708,2,213.5,2.0,2,2
325000,14868,9,1652,2,236.0,2.0,2,3
202500,9576,7,1368,2,195.42857142857144,2.0,0,1
138000,4950,5,990,2,165.0,1.0,14,15
147000,5610,5,1122,2,160.28571428571428,1.0,3,60
179200,7764,6,1294,2,184.8571428571429,2.0,17,17
335000,13314,7,1902,2,237.75,2.0,8,51
203000,8918,7,1274,2,182.0,2.0,0,2
302000,22480,8,2810,2,281.0,2.5,17,17
333168,23391,9,2599,3,236.27272727272728,2.5,11,11
119000,3792,4,948,1,158.0,1.0,53,53
206900,12672,6,2112,2,211.2,2.5,39,39
295493,13040,8,1630,3,181.11111111111111,2.0,1,1
208900,9464,7,1352,2,225.33333333333331,2.0,0,1
275000,14296,8,1787,3,223.375,2.0,4,5
111000,3792,4,948,1,158.0,1.0,53,53
156500,8868,6,1478,2,211.14285714285717,1.5,52,52
72500,2160,3,720,1,144.0,1.0,58,59
190000,13461,7,1923,2,213.66666666666663,2.5,18,18
82500,2832,4,708,0,118.0,1.0,59,69
147000,14360,8,1795,3,224.375,2.0,0,1
55000,3184,4,796,0,132.66666666666666,1.0,58,86
79000,2322,3,774,0,110.57142857142856,1.0,1,76
130500,4080,5,816,1,136.0,1.0,0,26
256000,16752,6,2792,2,310.22222222222223,2.0,58,88
176500,11424,7,1632,2,181.33333333333331,2.5,8,8
227000,12704,8,1588,3,198.5,2.0,1,1
132500,4770,5,954,2,136.28571428571428,1.0,30,30
100000,3264,4,816,1,204.0,1.0,51,71
125500,6800,5,1360,1,194.28571428571428,1.5,11,68
125000,6825,5,1365,2,170.625,1.5,39,39
167900,8004,6,1334,2,190.57142857142856,2.0,32,32
135000,8280,5,1656,2,184.0,2.0,35,35
52500,2772,4,693,0,138.6,1.0,56,65
200000,13027,7,1861,2,206.77777777777777,2.5,4,4
128500,4320,5,864,1,144.0,1.0,34,34
123000,3488,4,872,4,145.33333333333334,1.0,36,36
155000,6684,6,1114,2,159.14285714285714,1.0,4,5
228500,17352,8,2169,2,271.125,2.5,5,5
177000,11478,6,1913,2,191.3,1.5,59,81
155835,10192,7,1456,2,161.77777777777777,2.5,1,1
108500,3840,4,960,1,160.0,1.0,57,87
262500,15092,7,2156,2,215.6,2.0,3,38
283463,14208,8,1776,3,222.0,2.0,0,1
215000,10458,7,1494,2,249.0,2.0,9,9
122000,18864,8,2358,0,262.0,2.0,21,136
200000,13170,5,2634,4,202.6153846153846,3.0,40,40
171000,10296,6,1716,2,190.66666666666663,1.5,46,46
134900,7056,6,1176,2,235.2,1.0,9,72
410000,25904,8,3238,3,323.8,2.5,14,15
235000,13055,7,1865,3,233.125,2.5,8,8
170000,13440,7,1920,2,213.33333333333331,3.0,14,38
110000,4460,5,892,1,148.66666666666666,1.0,42,42
149900,5390,5,1078,2,154.0,1.5,2,39
177500,9438,6,1573,2,262.1666666666667,2.5,10,10
315000,17820,9,1980,3,220.0,2.0,1,2
189000,13005,5,2601,2,289.0,3.5,10,87
260000,10710,7,1530,2,191.25,2.0,4,4
104900,6952,4,1738,1,217.25,2.0,2,89
156932,8472,6,1412,2,201.7142857142857,2.5,0,1
144152,8400,7,1200,2,240.0,2.5,1,1
216000,11718,7,1674,2,209.25,2.5,10,10
193000,12530,7,1790,2,223.75,2.5,9,9
127000,7375,5,1475,1,210.7142857142857,2.0,29,29
144000,5088,6,848,2,169.6,1.0,5,6
232000,13344,8,1668,2,185.33333333333331,2.0,7,7
105000,5496,4,1374,1,196.28571428571428,1.0,59,89
165500,9966,6,1661,1,184.55555555555557,1.0,12,53
274300,14679,7,2097,2,233.0,2.5,8,8
466500,26330,10,2633,3,292.55555555555554,2.5,5,6
250000,13706,7,1958,3,195.8,2.5,3,3
239000,12568,8,1571,3,196.375,2.0,0,0
91000,4740,6,790,1,158.0,1.0,58,78
117000,8020,5,1604,2,229.14285714285717,2.0,49,68
83000,5922,6,987,1,164.5,1.5,33,33
167500,6970,5,1394,2,174.25,2.5,1,2
58500,2592,3,864,1,144.0,1.0,60,96
237500,12702,6,2117,2,264.625,2.5,38,38
157000,12334,7,1762,2,195.77777777777777,1.5,56,86
112000,7080,5,1416,2,177.0,2.0,0,89
105000,7548,6,1258,1,179.71428571428572,1.0,59,70
125500,4616,4,1154,1,144.25,1.0,3,88
250000,19488,7,2784,2,214.15384615384616,3.5,28,28
136000,15156,6,2526,1,229.63636363636363,2.0,57,91
377500,15714,9,1746,3,218.25,2.0,2,3
131000,7308,6,1218,2,174.0,1.0,57,66
235000,10675,7,1525,2,217.8571428571429,2.0,6,6
124000,7920,5,1584,3,176.0,2.0,42,42
123000,4500,5,900,1,128.57142857142858,1.0,39,39
163000,11472,6,1912,2,239.0,2.0,8,103
246578,10500,7,1500,3,214.28571428571428,2.0,0,0
281213,19856,8,2482,3,248.2,2.5,1,2
160000,8435,5,1687,2,210.875,1.0,60,62
137500,7565,5,1513,1,168.11111111111111,1.5,3,87
138000,9520,5,1904,1,238.0,1.5,27,59
137450,9648,6,1608,1,201.0,2.5,19,84
120000,6948,6,1158,1,193.0,1.0,58,79
193000,9558,6,1593,2,177.0,2.5,4,4
193879,9058,7,1294,2,184.8571428571429,2.0,0,0
282922,11712,8,1464,3,209.14285714285717,2.0,0,0
105000,3642,3,1214,3,173.42857142857142,1.0,56,91
275000,13168,8,1646,2,274.3333333333333,2.0,3,4
133000,3840,5,768,2,128.0,1.0,2,37
112000,4165,5,833,0,138.83333333333334,1.0,24,24
125500,5452,4,1363,2,194.7142857142857,1.0,60,100
215000,14651,7,2093,2,261.625,2.5,17,22
230000,12880,7,1840,2,262.85714285714283,2.5,8,8
140000,10008,6,1668,1,238.28571428571428,1.5,4,59
90000,4160,4,1040,2,148.57142857142858,2.0,59,60
257000,14752,8,1844,2,230.5,2.0,3,4
207000,11088,6,1848,2,205.33333333333331,1.5,8,85
175900,10983,7,1569,3,196.125,2.0,2,2
122500,9160,4,2290,2,190.83333333333331,2.0,60,125
340000,19600,8,2450,3,306.25,2.5,11,11
124000,5720,5,1144,1,163.42857142857142,1.5,45,45
223000,11064,6,1844,2,230.5,2.0,37,37
179900,8496,6,1416,2,177.0,2.5,38,38
127500,6414,6,1069,2,213.8,2.0,33,33
136500,5088,6,848,2,212.0,1.0,5,5
274970,13206,6,2201,2,244.55555555555557,2.0,40,40
144000,6720,5,1344,1,192.0,1.0,24,49
142000,7512,6,1252,2,156.5,1.0,49,49
271000,14889,7,2127,2,354.5,2.5,14,14
140000,7790,5,1558,1,222.57142857142856,1.5,58,63
119000,4020,5,804,1,160.8,1.0,18,70
182900,8640,6,1440,2,180.0,2.0,26,26
192140,9190,5,1838,2,229.75,2.5,1,1
143750,5748,6,958,2,159.66666666666666,2.0,33,33
64500,3872,4,968,1,161.33333333333334,2.0,0,80
186500,10752,6,1792,2,199.11111111111111,2.5,8,8
160000,5630,5,1126,2,187.66666666666663,2.0,29,29
174000,9222,6,1537,2,192.125,1.5,3,46
120500,3456,4,864,2,144.0,1.0,36,36
394617,15456,8,1932,3,241.5,2.0,0,0
149700,7416,6,1236,2,176.57142857142858,1.0,14,53
197000,12075,7,1725,2,246.42857142857144,2.5,28,28
191000,15330,6,2555,2,212.91666666666663,2.0,14,86
149300,5088,6,848,2,212.0,1.0,4,4
310000,20070,10,2007,3,182.45454545454547,2.5,1,1
121000,5712,6,952,1,190.4,1.0,59,93
179600,9954,7,1422,2,177.75,2.0,3,3
129000,5478,6,913,1,130.42857142857142,1.0,41,41
157900,5940,5,1188,1,169.71428571428572,1.0,48,48
240000,16720,8,2090,2,232.22222222222223,2.5,11,12
112000,5384,4,1346,1,192.28571428571428,1.5,7,97
92000,3150,5,630,0,157.5,1.0,36,36
136000,8960,5,1792,0,199.11111111111111,3.0,35,35
287090,12624,8,1578,3,197.25,2.0,0,1
145000,5360,5,1072,2,178.66666666666666,1.0,1,1
84500,5700,5,1140,0,162.85714285714286,1.0,0,0
185000,8547,7,1221,2,174.42857142857142,2.0,4,5
175000,9882,6,1647,2,205.875,2.5,7,8
210000,12438,6,2073,2,259.125,2.0,22,32
266500,16380,7,2340,1,234.0,2.0,4,69
142125,5390,5,1078,1,179.66666666666666,1.0,14,60
147500,6280,5,1256,1,179.42857142857142,1.5,43,43
